# Price (KES) and tier of every bag, for the Bags on offer "Offer type summary". TIER follows PRICE:
# <= 2,000 Entry, 2,001-3,000 Core, > 3,000 Premium (edit PRICE; TIER is used only when PRICE is blank).
# Blank CATEGORY = the offer sheet's category. See docs/bags-on-offer.md.
BAG,CATEGORY,PRICE,TIER
ACE,SLING,1600,Entry
ADRIAN,BACKPACK,3000,Core
ALPHA TRAVEL,TRAVEL,3600,Premium
AMARI,BRIEFCASE,2800,Core
AMAYA,HANDBAG,3200,Premium
AMORA,SLING,2100,Core
ANA,SLING,2100,Core
ANKARA TRAVEL,TRAVEL,2600,Core
ANTITHEFT,BACKPACK,2600,Core
ARIA PRO,SLING,1600,Entry
ARIA SLING,SLING,1600,Entry
ARLO MAN BAG,MAN BAG,1600,Entry
ARM BAND,SPORT,1200,Entry
ATLAS,BACKPACK,2600,Core
AURORA,HANDBAG,2100,Core
AVANA HB,SLING,2100,Core
BABY BAG,BABY BAG,4600,Premium
BELLO,BACKPACK,2600,Core
BELT BAG,WAIST BAG,1400,Entry
BIG MAN BAG,MAN BAG,2100,Core
BLISS,CHEST BAG,2000,Entry
BONITA,TRAVEL,3900,Premium
BRIEF CASE,BRIEFCASE,2800,Core
BUTTERFLY SLING,SLING,1600,Entry
CAIRO BP,BACKPACK,2000,Entry
CALLISTA,TRAVEL,2800,Core
CATHY HANDBAG,HANDBAG,2000,Entry
CELINE SLING BAG,SLING,2100,Core
CESS,HANDBAG,3500,Premium
CHARLOTTE,SLING,2100,Core
CHASE,THIGH BAG,1500,Entry
CLAIRE HANDBAG,HANDBAG,3000,Core
CLEO,HANDBAG,2000,Entry
CODE 3,BACKPACK,2100,Core
CODE 3 BP,BACKPACK,2100,Core
CODE 4 ANKARA,BACKPACK,2100,Core
CODE 9,BACKPACK,2100,Core
COLLEGE HB,HANDBAG,2600,Core
COSMO,SCHOOL BAG,1900,Entry
DARIA,BACKPACK,1600,Entry
DELICA,HANDBAG,1600,Entry
DIAPER BAG,BABY BAG,4600,Premium
DON,MAN BAG,1600,Entry
DOUBLE PRESS,BACKPACK,2600,Core
ELEKTRA,THIGH BAG,1600,Entry
ELLA SLING,SLING,2100,Core
ELYSE,HANDBAG,3100,Premium
EROS,,1600,Entry
ESMERALDA,BACKPACK,2600,Core
FABELA,TRAVEL,2400,Core
FANNY AMAPIANO,WAIST BAG,1600,Entry
FANNY PACK,WAIST BAG,1600,Entry
FAYOLA,MESSENGER,2100,Core
FENA CHEST,,1800,Entry
FENA SETS,,4000,Premium
FEROZ,BRIEFCASE,3100,Premium
FOXY,SLING,2000,Entry
GIFT BAG,GIFT BAG,250,Entry
GYM BAG,SPORT,2600,Core
HOOD,HOOD,2500,Core
ICON,HANDBAG,3000,Core
IMANI,HANDBAG,3000,Core
JABARI,BACKPACK,2600,Core
JADE,BRIEFCASE,3100,Premium
JAMELA,HANDBAG,3600,Premium
JAYDEN MAN,MAN BAG,1600,Entry
JUMBO,TRAVEL,3600,Premium
KAI,BACKPACK,2800,Core
KANJI,SLING,1600,Entry
KAOS,BACKPACK,1900,Entry
KARINA,HANDBAG,2500,Core
KATE,SLING,1600,Entry
KAYLA,HANDBAG,2000,Entry
KAZ,TRAVEL,2000,Entry
LADONA,SLING,2100,Core
LAFEMME,HANDBAG,5500,Premium
LAMORA,SLING,4000,Premium
LANKA,HANDBAG,1800,Entry
LAPTOP SLEEVE,BRIEFCASE,1600,Entry
LEGACY,BRIEFCASE,3500,Premium
LEILA,SLING,1600,Entry
LIAM,TRAVEL,2100,Core
LILY,,,
LITE,TRAVEL,2600,Core
LOLA,HANDBAG,2100,Core
LOOP BP,BACKPACK,2700,Core
LOTUS,BRIEFCASE,3100,Premium
LUCA,BABY BAG,2600,Core
LUNA,MAN BAG,1600,Entry
LUNA AMAPIANO,MAN BAG,1600,Entry
LUNCHSET,LUNCH BAG,1600,Entry
MAKE UP POUCH,MAKE UP,1100,Entry
MAN BAG,MAN BAG,1600,Entry
MANDY HB,HANDBAG,1500,Entry
MARLEY,HANDBAG,2400,Core
MAYA,SLING,1600,Entry
MEGA,BACKPACK,3000,Core
MINI MANBAG,MAN BAG,1600,Entry
MINI MAYA,HANDBAG,1600,Entry
MINI SCHOOL,SCHOOL BAG,1800,Entry
MINI UMBRA,CHEST BAG,1600,Entry
MINI ZURI,HANDBAG,2600,Core
MODERN TRAVEL,TRAVEL,3200,Premium
MONAH BP,BACKPACK,2000,Entry
MONTANA,SLING,1500,Entry
MOON BAG,SLING,1600,Entry
MRADI TRAVEL,TRAVEL,3600,Premium
MYSTIQUE,MESSENGER,3100,Premium
NALA,HANDBAG,5000,Premium
NEO MAN,MAN BAG,1600,Entry
NEW WASH BAG,,1000,Entry
NINA,HANDBAG,2800,Core
NIZANA,SLING,1600,Entry
NOVA,BRIEFCASE,3100,Premium
NYLA BP,BACKPACK,3000,Core
OVAL HANDBAG,HANDBAG,1600,Entry
PIONEER,BACKPACK,2600,Core
POCKET TRAVEL,TRAVEL,3600,Premium
POH HAIRISTIC,MAKE UP,1000,Entry
PRIME,BACKPACK,2800,Core
REESTO CHEST,CHEST BAG,1700,Entry
REMI,BACKPACK,2700,Core
REO TRAVEL,TRAVEL,2800,Core
ROZA,HANDBAG,3900,Premium
SAFIRI BP,BACKPACK,2600,Core
SAFIRI TRAVEL,TRAVEL,3600,Premium
SANTANA,HANDBAG,2500,Core
SARAI,TRAVEL,4100,Premium
SATCHEL,BRIEFCASE,3100,Premium
SATIS,TRAVEL,3100,Premium
SAVANNAH SLING,SLING,3500,Premium
SCARLET,HANDBAG,2200,Core
SCHOOL BAG,SCHOOL BAG,2100,Core
SCOOBY,SCHOOL BAG,2600,Core
SHUGLI BACKPACK,BACKPACK,2600,Core
SIERRA HANDBAG,HANDBAG,2700,Core
SKYE HB,HANDBAG,2000,Entry
SLEEVE 1,BRIEFCASE,1600,Entry
SLEEVE 2,BRIEFCASE,1600,Entry
SPARK,SPORT,2500,Core
SPLASH BACKPACK,SPORT,2100,Core
STANDARD,TRAVEL,,
TAJI,TRAVEL,3000,Core
TITAN TRAVEL,TRAVEL,2600,Core
TRAVEL,TRAVEL,2600,Core
TRAVOLTA,TRAVEL,3600,Premium
TRECENTO,SLING,2100,Core
TRIO,,1600,Entry
TRIO MIO,MAN BAG,1600,Entry
TWAIN TRAVEL,TRAVEL,3000,Core
TYLER,BACKPACK,2600,Core
UMBRA,CHEST BAG,2100,Core
VAL,SLING,2100,Core
VANITY,MAKE UP,1100,Entry
VENUS,,2500,Core
VOYAGE,TRAVEL,3900,Premium
WANDER LUXE,TRAVEL,3100,Premium
WASHBAG,WASHBAG,1600,Entry
YARA,HANDBAG,2400,Core
ZANE MAN,MAN BAG,1600,Entry
ZELDA,,1600,Entry
ZELUS,BACKPACK,2600,Core
ZENO,TRAVEL,1600,Entry
ZIARA MAN BAG,MAN BAG,1600,Entry
ZING SLING,SLING,1600,Entry
ZIPPED LUNCHSET,SPORT,1600,Entry
ZOEZI,SPORT,3600,Premium
ZULA,MAN BAG,2200,Core
ZURI,HANDBAG,3600,Premium
