CATEGORY,PRODUCT NAME,COLOUR
SLING,ACE CROC BROWN,Brown
SLING,ACE RED,Red
SLING,ACE BEIGE,Beige
SLING,ACE BLACK TT,Black
SLING,ACE CRACKED,Brown
SLING,ACE SPICE,Brown
SLING,ACE CHOCOLATE,Brown
SLING,ACE GREY,Grey
SLING,ACE DARK BROWN,Brown
SLING,ACE RED PATTERN,Red
SLING,ACE MUSTARD,Brown
SLING,ACE CROC PINK,Pink
SLING,ACE CROC ORANGE,Orange
SLING,ACE CROC MUSTARD,Brown
SLING,ACE BLUE,Blue
SLING,ACE PINK,Pink
SLING,ACE BROWN,Brown
SLING,ACE LILAC,Pink
SLING,ACE MINT GREEN,Green
SLING,ACE GREEN,Green
SLING,ACE CROC BLACK,Black
BACKPACK,ADRIAN BLACK,Black
BACKPACK,ADRIAN YELLOW DOTTED,Brown
BACKPACK,ADRIAN GREEN,Green
BACKPACK,ADRIAN GREY,Grey
BACKPACK,ADRIAN NUDE,Beige
BACKPACK,ADRIAN BROWN,Brown
TRAVEL,ALPHA TRAVEL BLACK,Black
TRAVEL,ALPHA TRAVEL BROWN,Brown
TRAVEL,ALPHA TRAVEL NUDE,Beige
TRAVEL,ALPHA TRAVEL GREY,Grey
TRAVEL,ALPHA TRAVEL YELLOW DOTTED,Brown
TRAVEL,ALPHA TRAVEL GREEN,Green
BRIEFCASE,AMARI BLACK/CRACKED,Black
BRIEFCASE,AMARI BLACK,Black
BRIEFCASE,AMARI BLACK/BEIGE,Black
BRIEFCASE,AMARI BLACK/GREY,Black
BRIEFCASE,AMARI BLACK/D.BROWN,Black
BRIEFCASE,AMARI BLACK/SPICE,Black
BRIEFCASE,AMARI BLACK/RED,Black
BRIEFCASE,AMARI BLACK/CHOCO,Black
HANDBAG,AMAYA BLACK TT,Black
HANDBAG,AMAYA SPICE,Brown
HANDBAG,AMAYA CRACKED,Brown
HANDBAG,AMAYA GREY,Grey
HANDBAG,AMAYA BEIGE,Beige
HANDBAG,AMAYA CHOCO,Brown
HANDBAG,AMAYA DARK BROWN,Brown
HANDBAG,AMAYA RED,Red
HANDBAG,AMAYA CROC BLACK,Black
HANDBAG,AMAYA WOOVEN BLACK,Black
HANDBAG,AMAYA WOOVEN MAROON,Red
HANDBAG,AMAYA WOOVEN MUSTARD,Brown
HANDBAG,AMAYA WOOVEN PURPLE,Purple
HANDBAG,AMAYA GREEN,Green
HANDBAG,AMAYA LILAC,Pink
HANDBAG,AMAYA MUSTARD,Brown
SLING,AMORA BLACK,Black
SLING,AMORA RED,Red
SLING,AMORA PINK,Pink
SLING,AMORA BLUE,Blue
SLING,AMORA GREEN,Green
SLING,AMORA MUSTARD,Brown
SLING,AMORA MAROON,Red
SLING,AMORA PURPLE,Purple
SLING,ANA CROC MUSTARD,Brown
SLING,ANA CROC ORANGE,Orange
SLING,ANA CROC BROWN,Brown
SLING,ANA CROC PINK,Pink
SLING,ANA LILAC,Pink
SLING,ANA PINK,Pink
SLING,ANA MUSTARD,Brown
SLING,ANA BROWN,Brown
SLING,ANA GREEN,Green
SLING,ANA RED P,Red
SLING,ANA BLACK,Black
TRAVEL,ANKARA TRAVEL BLACK,Black
TRAVEL,ANKARA TRAVEL WHITE,
TRAVEL,ANKARA TRAVEL WHITE,
TRAVEL,ANKARA TRAVEL GREY,Grey
TRAVEL,ANKARA TRAVEL NUDE,Beige
TRAVEL,ANKARA TRAVEL BROWN,Brown
BACKPACK,ANTITHEFT BLACK,Black
BACKPACK,ANTITHEFT BROWN,Brown
BACKPACK,ANTITHEFT NUDE,Beige
BACKPACK,ANTITHEFT GREY,Grey
BACKPACK,ANTITHEFT ANTELOPE BROWN,Brown
BACKPACK,ANTITHEFT DENIM BLUE,Blue
BACKPACK,ANTITHEFT YELLOW DOTTED,Brown
BACKPACK,ANTITHEFT CRIMSON,Red
BACKPACK,ANTITHEFT GREEN,Green
BACKPACK,ANTITHEFT CN BLACK,Black
SLING,ARIA PRO RED,Red
SLING,ARIA PRO BEIGE,Beige
SLING,ARIA PRO BLACK,Black
SLING,ARIA PRO CRACKED,Brown
SLING,ARIA PRO SPICE,Brown
SLING,ARIA PRO CHOCOLATE,Brown
SLING,ARIA PRO YELLOW BROWN,Brown
SLING,ARIA PRO MAROON,Red
SLING,ARIA PRO AMBER,Brown
SLING,ARIA PRO GREY,Grey
SLING,ARIA PRO DARK BROWN,Brown
SLING,ARIA SLING RED,Red
SLING,ARIA SLING BEIGE,Beige
SLING,ARIA SLING BLACK,Black
SLING,ARIA SLING CRACKED,Brown
SLING,ARIA SLING SPICE,Brown
SLING,ARIA SLING CHOCOLATE,Brown
SLING,ARIA SLING YELLOW BROWN,Brown
SLING,ARIA SLING MAROON,Red
SLING,ARIA SLING CROC PINK,Pink
SLING,ARIA SLING GREY,Grey
SLING,ARIA SLING DARK BROWN,Brown
MAN BAG,ARLO MAN BAG RED,Red
MAN BAG,ARLO MAN BAG BEIGE,Beige
MAN BAG,ARLO MAN BAG BLACK,Black
MAN BAG,ARLO MAN BAG CRACKED,Brown
MAN BAG,ARLO MAN BAG SPICE,Brown
MAN BAG,ARLO MAN BAG CHOCOLATE,Brown
MAN BAG,ARLO MAN BAG YELLOW BROWN,Brown
MAN BAG,ARLO MAN BAG MAROON,Red
MAN BAG,ARLO MAN BAG AMBER,Brown
MAN BAG,ARLO MAN BAG GREY,Grey
MAN BAG,ARLO MAN BAG DARK BROWN,Brown
SPORT,ARM BAND SPICE,Brown
SPORT,ARM BAND DARK BROWN,Brown
SPORT,ARM BAND BLACK,Black
SPORT,ARM BAND BEIGE,Beige
SPORT,ARM BAND CRACKED,Brown
SPORT,ARM BAND GREY,Grey
SPORT,ARM BAND RED,Red
SPORT,ARM BAND CHOCOLATE,Brown
BACKPACK,ATLAS SPICE,Brown
BACKPACK,ATLAS DARK BROWN,Brown
BACKPACK,ATLAS BLACK,Black
BACKPACK,ATLAS BEIGE,Beige
BACKPACK,ATLAS CRACKED,Brown
BACKPACK,ATLAS GREY,Grey
BACKPACK,ATLAS RED,Red
BACKPACK,ATLAS YELLOW BROWN,Brown
BACKPACK,ATLAS CHOCOLATE,Brown
HANDBAG,AURORA SPICE,Brown
HANDBAG,AURORA RED.PATTERN,Red
HANDBAG,AURORA DARK BROWN,Brown
HANDBAG,AURORA BLACK,Black
HANDBAG,AURORA BEIGE,Beige
HANDBAG,AURORA CRACKED,Brown
HANDBAG,AURORA GREY,Grey
HANDBAG,AURORA RED,Red
HANDBAG,AURORA WOOVEN MAROON,Red
HANDBAG,AURORA WOOVEN BLACK,Black
HANDBAG,AURORA CHOCOLATE,Brown
SLING,AVANA HB SPICE,Brown
SLING,AVANA HB WOOVEN BLACK,Black
SLING,AVANA HB WOOVEN MAROON,Red
SLING,AVANA HB WOOVEN MUSTARD,Brown
SLING,AVANA HB WOOVEN PURPLE,Purple
SLING,AVANA HB DARK BROWN,Brown
SLING,AVANA HB BLACK,Black
SLING,AVANA HB BEIGE,Beige
SLING,AVANA HB CRACKED,Brown
SLING,AVANA HB GREY,Grey
SLING,AVANA HB RED,Red
SLING,AVANA HB YELLOW BROWN,Brown
SLING,AVANA HB AMBER,Brown
SLING,AVANA HB MAROON,Red
SLING,AVANA HB RED P,Red
SLING,AVANA HB CHOCOLATE,Brown
BABY BAG,BABY BAG GREY,Grey
BABY BAG,BABY BAG BLACK,Black
BABY BAG,BABY BAG NUDE,Beige
BABY BAG,BABY BAG BROWN,Brown
BABY BAG,BABY BAG GREEN,Green
BABY BAG,BABY BAG RED,Red
BACKPACK,BELLO SPICE,Brown
BACKPACK,BELLO CRACKED,Brown
BACKPACK,BELLO BLACK,Black
BACKPACK,BELLO GREY,Grey
BACKPACK,BELLO RED,Red
BACKPACK,BELLO YELLOW BROWN,Brown
BACKPACK,BELLO CHOCOLATE,Brown
BACKPACK,BELLO BEIGE,Beige
WAIST BAG,BELT BAG BLACK,Black
WAIST BAG,BELT BAG RED,Red
WAIST BAG,BELT BAG CRACKED,Brown
WAIST BAG,BELT BAG SPICE,Brown
WAIST BAG,BELT BAG YELLOW BROWN,Brown
WAIST BAG,BELT BAG BEIGE,Beige
WAIST BAG,BELT BAG GREY,Grey
WAIST BAG,BELT BAG CHOCOLATE,Brown
WAIST BAG,BELT BAG DARK BROWN,Brown
MAN BAG,BIG MAN BAG BLACK,Black
MAN BAG,BIG MAN BAG BROWN,Brown
MAN BAG,BIG MAN BAG GREY,Grey
MAN BAG,BIG MAN BAG NUDE,Beige
MAN BAG,BIG MAN BAG RED,Red
MAN BAG,BIG MAN BAG GREEN,Green
CHEST BAG,BLISS BLACK,Black
CHEST BAG,BLISS GREY,Grey
TRAVEL,BONITA BLACK,Black
TRAVEL,BONITA CRACKED,Brown
TRAVEL,BONITA BEIGE,Beige
TRAVEL,BONITA SPICE,Brown
TRAVEL,BONITA GREY,Grey
TRAVEL,BONITA RED,Red
TRAVEL,BONITA YELLOW BROWN,Brown
TRAVEL,BONITA CHOCO,Brown
TRAVEL,BONITA D.BROWN,Brown
BRIEFCASE,BRIEF CASE BROWN,Brown
BRIEFCASE,BRIEF CASE BLACK,Black
BRIEFCASE,BRIEF CASE GREY,Grey
BRIEFCASE,BRIEF CASE NUDE,Beige
BRIEFCASE,BRIEF CASE GREEN,Green
SLING,BUTTERFLY SLING CRACKED,Brown
SLING,BUTTERFLY SLING SPICE,Brown
SLING,BUTTERFLY SLING GREY,Grey
SLING,BUTTERFLY SLING BEIGE,Beige
SLING,BUTTERFLY SLING BLACK,Black
SLING,BUTTERFLY SLING RED,Red
SLING,BUTTERFLY SLING CHOCOLATE,Brown
SLING,BUTTERFLY SLING DARK BROWN,Brown
SLING,BUTTERFLY SLING YELLOW BROWN,Brown
BACKPACK,CAIRO BP CRACKED,Brown
BACKPACK,CAIRO BP SPICE,Brown
BACKPACK,CAIRO BP BEIGE,Beige
BACKPACK,CAIRO BP BLACK,Black
BACKPACK,CAIRO BP GREY,Grey
BACKPACK,CAIRO BP RED,Red
BACKPACK,CAIRO BP DARK BROWN,Brown
BACKPACK,CAIRO BP YELLOW BROWN,Brown
BACKPACK,CAIRO BP CHOCOLATE,Brown
TRAVEL,CALLISTA CRACKED,Brown
TRAVEL,CALLISTA SPICE,Brown
TRAVEL,CALLISTA BEIGE,Beige
TRAVEL,CALLISTA BLACK,Black
TRAVEL,CALLISTA GREY,Grey
TRAVEL,CALLISTA RED,Red
TRAVEL,CALLISTA DARK BROWN,Brown
TRAVEL,CALLISTA CHOCOLATE,Brown
HANDBAG,CATHY HANDBAG BLACK,Black
HANDBAG,CATHY HANDBAG SPICE,Brown
HANDBAG,CATHY HANDBAG CRACKED,Brown
HANDBAG,CATHY HANDBAG GREY,Grey
HANDBAG,CATHY HANDBAG DARK BROWN,Brown
HANDBAG,CATHY HANDBAG BEIGE,Beige
HANDBAG,CATHY HANDBAG RED,Red
HANDBAG,CATHY HANDBAG CHOCOLATE,Brown
SLING,CELINE SLING BAG BLACK,Black
SLING,CELINE SLING BAG SPICE,Brown
SLING,CELINE SLING BAG CRACKED,Brown
SLING,CELINE SLING BAG GREY,Grey
SLING,CELINE SLING BAG BEIGE,Beige
SLING,CELINE SLING BAG CHOCO,Brown
SLING,CELINE SLING BAG DARK BROWN,Brown
SLING,CELINE SLING BAG RED,Red
HANDBAG,CESS BLACK,Black
HANDBAG,CESS SPICE,Brown
HANDBAG,CESS CRACKED,Brown
HANDBAG,CESS GREY,Grey
HANDBAG,CESS BEIGE,Beige
HANDBAG,CESS GREEN,Green
HANDBAG,CESS CHOCO,Brown
HANDBAG,CESS DARK BROWN,Brown
HANDBAG,CESS RED,Red
SLING,CHARLOTTE PINK,Pink
SLING,CHARLOTTE BLACK,Black
SLING,CHARLOTTE BROWN,Brown
SLING,CHARLOTTE GREEN,Green
SLING,CHARLOTTE MUSTARD,Brown
SLING,CHARLOTTE CROC MUSTARD,Brown
SLING,CHARLOTTE CROC ORANGE,Orange
SLING,CHARLOTTE CROC BROWN,Brown
SLING,CHARLOTTE CROC PINK,Pink
SLING,CHARLOTTE GREY,Grey
SLING,CHARLOTTE BEIGE,Beige
SLING,CHARLOTTE DARK BROWN,Brown
SLING,CHARLOTTE CRACKED,Brown
SLING,CHARLOTTE RED,Red
SLING,CHARLOTTE SPICE,Brown
SLING,CHARLOTTE CHOCOLATE,Brown
SLING,CHARLOTTE BLUE,Blue
THIGH BAG,CHASE BLACK,Black
THIGH BAG,CHASE BROWN,Brown
THIGH BAG,CHASE GREY,Grey
THIGH BAG,CHASE GREEN,Green
THIGH BAG,CHASE NUDE,Beige
HANDBAG,CLAIRE HANDBAG BLACK,Black
HANDBAG,CLAIRE HANDBAG SPICE,Brown
HANDBAG,CLAIRE HANDBAG CRACKED,Brown
HANDBAG,CLAIRE HANDBAG GREY,Grey
HANDBAG,CLAIRE HANDBAG WOOVEN MAROON,Red
HANDBAG,CLAIRE HANDBAG WOOVEN BLACK,Black
HANDBAG,CLAIRE HANDBAG WHITE,
HANDBAG,CLAIRE HANDBAG WHITE,
HANDBAG,CLAIRE HANDBAG BEIGE,Beige
HANDBAG,CLAIRE HANDBAG DARK BROWN,Brown
HANDBAG,CLAIRE HANDBAG RED,Red
HANDBAG,CLEO CRACKED,Brown
HANDBAG,CLEO GREY,Grey
HANDBAG,CLEO BLACK,Black
HANDBAG,CLEO SPICE,Brown
HANDBAG,CLEO RED,Red
HANDBAG,CLEO CHOCOLATE,Brown
HANDBAG,CLEO YELLOW BROWN,Brown
HANDBAG,CLEO DARK BROWN,Brown
HANDBAG,CLEO BEIGE,Beige
BACKPACK,CODE 3 NUDE,Beige
BACKPACK,CODE 3 BROWN,Brown
BACKPACK,CODE 3 BLACK,Black
BACKPACK,CODE 3 GREY,Grey
BACKPACK,CODE 3 ANTELOPE BROWN,Brown
BACKPACK,CODE 3 GREEN,Green
BACKPACK,CODE 3 BLUE,Blue
BACKPACK,CODE 3 CRIMSON,Red
BACKPACK,CODE 4 ANKARA NUDE,Beige
BACKPACK,CODE 4 ANKARA GREEN,Green
BACKPACK,CODE 4 ANKARA BROWN,Brown
BACKPACK,CODE 4 ANKARA GREY,Grey
BACKPACK,CODE 4 ANKARA WHITE,
BACKPACK,CODE 4 ANKARA WHITE,
BACKPACK,CODE 4 ANKARA BLACK,Black
BACKPACK,CODE 9 BLACK,Black
BACKPACK,CODE 9 BROWN,Brown
BACKPACK,CODE 9 GREEN,Green
BACKPACK,CODE 9 YELLOW DOTTED,Brown
BACKPACK,CODE 9 GREY,Grey
BACKPACK,CODE 9 NUDE,Beige
HANDBAG,COLLEGE HB BROWN,Brown
HANDBAG,COLLEGE HB GREEN,Green
HANDBAG,COLLEGE HB BLACK,Black
HANDBAG,COLLEGE HB GREY,Grey
HANDBAG,COLLEGE HB NUDE,Beige
HANDBAG,COLLEGE HB YELLOW DOTTED,Brown
SCHOOL BAG,COSMO BROWN,Brown
SCHOOL BAG,COSMO GREEN,Green
SCHOOL BAG,COSMO BLACK,Black
SCHOOL BAG,COSMO GREY,Grey
SCHOOL BAG,COSMO NUDE,Beige
SCHOOL BAG,COSMO YELLOW DOTTED,Brown
BACKPACK,DARIA CHOCOLATE,Brown
BACKPACK,DARIA GREY,Grey
BACKPACK,DARIA CRACKED,Brown
BACKPACK,DARIA DARK BROWN,Brown
BACKPACK,DARIA BLACK,Black
BACKPACK,DARIA SPICE,Brown
BACKPACK,DARIA BEIGE,Beige
HANDBAG,DELICA BLACK,Black
HANDBAG,DELICA RED PATTERN,Red
HANDBAG,DELICA LILAC,Pink
HANDBAG,DELICA MUSTARD,Brown
HANDBAG,DELICA MINT GREEN,Green
BABY BAG,DIAPER BAG TITAN 15,
BABY BAG,DIAPER BAG TITAN 11,
BABY BAG,DIAPER BAG TITAN 5,
BABY BAG,DIAPER BAG TITAN 1,
BABY BAG,DIAPER BAG PATTERN BLUE,Blue
BABY BAG,DIAPER BAG PATTERN RED,Red
BABY BAG,DIAPER BAG PATTERN PINK,Pink
MAN BAG,DON BLACK,Black
MAN BAG,DON BROWN,Brown
MAN BAG,DON NUDE,Beige
MAN BAG,DON GREY,Grey
MAN BAG,DON YELLOW DOTTED,Brown
MAN BAG,DON GREEN,Green
BACKPACK,DOUBLE PRESS GREY,Grey
BACKPACK,DOUBLE PRESS GREEN,Green
BACKPACK,DOUBLE PRESS BROWN,Brown
BACKPACK,DOUBLE PRESS NUDE,Beige
BACKPACK,DOUBLE PRESS BLACK,Black
BACKPACK,DOUBLE PRESS YELLOW DOTTED,Brown
THIGH BAG,ELEKTRA BLACK,Black
THIGH BAG,ELEKTRA BEIGE,Beige
THIGH BAG,ELEKTRA SPICE,Brown
THIGH BAG,ELEKTRA GREY,Grey
THIGH BAG,ELEKTRA CRACKED,Brown
THIGH BAG,ELEKTRA RED,Red
THIGH BAG,ELEKTRA DARK BROWN,Brown
THIGH BAG,ELEKTRA CHOCO,Brown
SLING,ELLA SLING BLACK,Black
SLING,ELLA SLING LILAC,Pink
SLING,ELLA SLING SILVER,
SLING,ELLA SLING MINT GREEN,Green
SLING,ELLA SLING PEACH,
SLING,ELLA SLING MUSTARD,Brown
SLING,ELLA SLING DARK GREEN,Green
SLING,ELLA SLING NAVY BLUE,Blue
SLING,ELLA SLING BROWN,Brown
SLING,ELLA SLING RED P,Red
SLING,ELLA SLING PINK,Pink
HANDBAG,ELYSE GREY,Grey
HANDBAG,ELYSE D.BROWN,Brown
HANDBAG,ELYSE SPICE,Brown
HANDBAG,ELYSE CRACKED,Brown
HANDBAG,ELYSE BLACK,Black
HANDBAG,ELYSE RED,Red
HANDBAG,ELYSE BEIGE,Beige
HANDBAG,ELYSE CHOCOLATE,Brown
HANDBAG,ELYSE RED/BLACK,Black
HANDBAG,ELYSE SPICE/BLACK,Black
HANDBAG,ELYSE RED/BEIGE,Red
HANDBAG,ELYSE BLACK/GREY,Black
HANDBAG,ELYSE BLACK/CRACKED,Black
BACKPACK,ESMERALDA BLACK,Black
BACKPACK,ESMERALDA BROWN,Brown
BACKPACK,ESMERALDA NUDE,Beige
BACKPACK,ESMERALDA GREEN,Green
BACKPACK,ESMERALDA GREY,Grey
BACKPACK,ESMERALDA RED,Red
BACKPACK,ESMERALDA BLUE,Blue
TRAVEL,FABELA BLACK,Black
TRAVEL,FABELA BROWN,Brown
TRAVEL,FABELA GREY,Grey
TRAVEL,FABELA YELLOW DOTTED,Brown
TRAVEL,FABELA GREEN,Green
TRAVEL,FABELA NUDE,Beige
WAIST BAG,FANNY AMAPIANO BLACK,Black
WAIST BAG,FANNY AMAPIANO BROWN,Brown
WAIST BAG,FANNY AMAPIANO GREY,Grey
WAIST BAG,FANNY AMAPIANO CRACKED,Brown
WAIST BAG,FANNY AMAPIANO NUDE,Beige
WAIST BAG,FANNY PACK BLACK,Black
WAIST BAG,FANNY PACK BROWN,Brown
WAIST BAG,FANNY PACK GREY,Grey
WAIST BAG,FANNY PACK GREEN,Green
WAIST BAG,FANNY PACK CRACKED,Brown
WAIST BAG,FANNY PACK NUDE,Beige
WAIST BAG,FANNY PACK DARK BROWN,Brown
WAIST BAG,FANNY PACK BLACK TT,Black
WAIST BAG,FANNY PACK SPICE,Brown
WAIST BAG,FANNY PACK YELLOW DOTTED,Brown
WAIST BAG,FANNY PACK GREY TT,Grey
WAIST BAG,FANNY PACK BLACK MPW,Black
WAIST BAG,FANNY PACK BEIGE TT,Beige
MESSENGER,FAYOLA BLACK,Black
MESSENGER,FAYOLA GREY,Grey
MESSENGER,FAYOLA NUDE,Beige
MESSENGER,FAYOLA GREEN,Green
MESSENGER,FAYOLA BROWN,Brown
MESSENGER,FAYOLA YELLOW DOTTED,Brown
MESSENGER,FAYOLA TITAN 15,
BRIEFCASE,FEROZ GREY,Grey
BRIEFCASE,FEROZ RED,Red
BRIEFCASE,FEROZ SPICE,Brown
BRIEFCASE,FEROZ BEIGE,Beige
BRIEFCASE,FEROZ CRACKED,Brown
BRIEFCASE,FEROZ BLACK,Black
BRIEFCASE,FEROZ CHOCO,Brown
BRIEFCASE,FEROZ DARK BROWN,Brown
BRIEFCASE,FEROZ YELLOW BROWN,Brown
SLING,FOXY LILAC,Pink
SLING,FOXY MUSTARD,Brown
SLING,FOXY BLUE,Blue
SLING,FOXY PINK,Pink
SLING,FOXY BROWN,Brown
SLING,FOXY GREEN,Green
SLING,FOXY BLACK,Black
GIFT BAG,GIFT BAG A3,
GIFT BAG,GIFT BAG A4,
GIFT BAG,GIFT BAG A5,
SPORT,GYM BAG BROWN,Brown
SPORT,GYM BAG GREEN,Green
SPORT,GYM BAG BLACK,Black
SPORT,GYM BAG GREY,Grey
SPORT,GYM BAG NUDE,Beige
SPORT,GYM BAG YELLOW DOTTED,Brown
HOOD,HOOD WHITE,
HOOD,HOOD N.BLUE,Blue
HOOD,HOOD GREEN,Green
HOOD,HOOD MAROON,Red
HOOD,HOOD GREY,Grey
HOOD,HOOD BLACK,Black
HOOD,HOOD RED,Red
HANDBAG,ICON BLACK,Black
HANDBAG,ICON SPICE,Brown
HANDBAG,ICON GREY,Grey
HANDBAG,ICON BEIGE,Beige
HANDBAG,ICON CRACKED,Brown
HANDBAG,ICON RED,Red
HANDBAG,ICON CHOCO,Brown
HANDBAG,IMANI BLACK 018,Black
HANDBAG,IMANI MAROON 018,Red
HANDBAG,IMANI DARK BROWN 018,Brown
HANDBAG,IMANI SPICE,Brown
HANDBAG,IMANI GREY,Grey
HANDBAG,IMANI BEIGE,Beige
HANDBAG,IMANI RED,Red
HANDBAG,IMANI BEIGE 018,Beige
HANDBAG,IMANI GREEN TT,Green
BACKPACK,JABARI BEIGE,Beige
BACKPACK,JABARI CRACKED,Brown
BACKPACK,JABARI MAROON,Red
BACKPACK,JABARI BLACK,Black
BACKPACK,JABARI DARK BROWN,Brown
BRIEFCASE,JADE SPICE,Brown
BRIEFCASE,JADE DARK BROWN,Brown
BRIEFCASE,JADE BLACK,Black
BRIEFCASE,JADE BEIGE,Beige
BRIEFCASE,JADE CRACKED,Brown
BRIEFCASE,JADE GREY,Grey
BRIEFCASE,JADE RED,Red
BRIEFCASE,JADE YELLOW BROWN,Brown
BRIEFCASE,JADE CHOCOLATE,Brown
HANDBAG,JAMELA SPICE,Brown
HANDBAG,JAMELA GREY,Grey
HANDBAG,JAMELA CRACKED,Brown
HANDBAG,JAMELA BLACK,Black
HANDBAG,JAMELA RED,Red
HANDBAG,JAMELA YELLOW BROWN,Brown
HANDBAG,JAMELA CHOCOLATE,Brown
HANDBAG,JAMELA BEIGE,Beige
HANDBAG,JAMELA DARK BROWN,Brown
MAN BAG,JAYDEN MAN BLACK,Black
MAN BAG,JAYDEN MAN BROWN,Brown
MAN BAG,JAYDEN MAN GREY,Grey
MAN BAG,JAYDEN MAN NUDE,Beige
MAN BAG,JAYDEN MAN GREEN,Green
MAN BAG,JAYDEN MAN YELLOW DOTTED,Brown
TRAVEL,JUMBO BLACK,Black
TRAVEL,JUMBO BROWN,Brown
TRAVEL,JUMBO GREEN,Green
TRAVEL,JUMBO GREY,Grey
TRAVEL,JUMBO NUDE,Beige
TRAVEL,JUMBO CRIMSON,Red
TRAVEL,JUMBO BLUE,Blue
TRAVEL,JUMBO YELLOW DOTTED,Brown
BACKPACK,KAI BLACK,Black
BACKPACK,KAI GREY,Grey
BACKPACK,KAI BROWN,Brown
BACKPACK,KAI BEIGE,Beige
BACKPACK,KAI YELLOW DOTTED,Brown
BACKPACK,KAI GREEN,Green
SLING,KANJI SPICE,Brown
SLING,KANJI BLACK,Black
SLING,KANJI RED,Red
SLING,KANJI NAVY BLUE,Blue
SLING,KANJI CHOCO,Brown
SLING,KANJI BEIGE,Beige
SLING,KANJI CRACKED,Brown
SLING,KANJI GREY,Grey
SLING,KANJI DARK BROWN,Brown
BACKPACK,KAOS GREY,Grey
BACKPACK,KAOS SPICE,Brown
BACKPACK,KAOS CRACKED,Brown
BACKPACK,KAOS BEIGE,Beige
BACKPACK,KAOS RED,Red
BACKPACK,KAOS BLACK,Black
BACKPACK,KAOS CHOCO,Brown
BACKPACK,KAOS DARK BROWN,Brown
BACKPACK,KAOS YELLOW BROWN,Brown
HANDBAG,KARINA CROC BLACK,Black
HANDBAG,KARINA RED PATTERN,Red
HANDBAG,KARINA WOOVEN BLACK,Black
HANDBAG,KARINA WOOVEN MAROON,Red
HANDBAG,KARINA GREY,Grey
HANDBAG,KARINA SPICE,Brown
HANDBAG,KARINA CRACKED,Brown
HANDBAG,KARINA BEIGE,Beige
HANDBAG,KARINA RED,Red
HANDBAG,KARINA BLACK,Black
HANDBAG,KARINA CHOCO,Brown
HANDBAG,KARINA DARK BROWN,Brown
HANDBAG,KARINA WOOVEN MUSTARD,Brown
HANDBAG,KARINA WOOVEN PURPLE,Purple
HANDBAG,KARINA CROC MUSTARD,Brown
HANDBAG,KARINA CROC BROWN,Brown
HANDBAG,KARINA CROC PINK,Pink
HANDBAG,KARINA CROC ORANGE,Orange
SLING,KATE WOOVEN BLACK,Black
SLING,KATE RED PATTERN,Red
SLING,KATE WOOVEN MAROON,Red
SLING,KATE WOOVEN MUSTARD,Brown
SLING,KATE WOOVEN PURPLE,Purple
SLING,KATE BLACK/RED,Black
SLING,KATE MAROON/MUSTARD,Brown
SLING,KATE GREEN/RED,Green
SLING,KATE BROWN/RED,Red
SLING,KATE BLACK/MAROON,Black
SLING,KATE MUSTARD/RED,Red
SLING,KATE YELLOW BROWN,Brown
SLING,KATE MAROON,Red
SLING,KATE BLACK,Black
SLING,KATE SPICE,Brown
SLING,KATE GREY,Grey
SLING,KATE CRACKED,Brown
SLING,KATE RED,Red
SLING,KATE BEIGE,Beige
SLING,KATE DARK BROWN,Brown
SLING,KATE CHOCOLATE,Brown
HANDBAG,KAYLA DARK BROWN,Brown
HANDBAG,KAYLA CRACKED,Brown
HANDBAG,KAYLA SPICE,Brown
HANDBAG,KAYLA GREY,Grey
HANDBAG,KAYLA BLACK,Black
HANDBAG,KAYLA CHOCOLATE,Brown
HANDBAG,KAYLA RED,Red
TRAVEL,KAZ BLACK,Black
TRAVEL,KAZ YELLOW DOTTED,Brown
TRAVEL,KAZ BROWN,Brown
TRAVEL,KAZ NUDE,Beige
TRAVEL,KAZ GREY,Grey
TRAVEL,KAZ GREEN,Green
SLING,LADONA SPICE,Brown
SLING,LADONA DARK BROWN,Brown
SLING,LADONA BLACK,Black
SLING,LADONA BEIGE,Beige
SLING,LADONA CRACKED,Brown
SLING,LADONA GREY,Grey
SLING,LADONA RED,Red
SLING,LADONA YELLOW BROWN,Brown
SLING,LADONA CHOCOLATE,Brown
HANDBAG,LAFEMME BLACK (OBSIDIAN),Black
HANDBAG,LAFEMME RED (GARNET),Red
HANDBAG,LAFEMME PINK (E'CLAT),Pink
HANDBAG,LAFEMME WINE RED (MULBERRY),Red
SLING,LAMORA BLACK,Black
SLING,LAMORA SKYE BLUE,Blue
SLING,LAMORA BROWN,Brown
SLING,LAMORA RED,Red
HANDBAG,LANKA WOOVEN BLACK,Black
HANDBAG,LANKA WOOVEN MUSTARD,Brown
HANDBAG,LANKA WOOVEN PURPLE,Purple
HANDBAG,LANKA WOOVEN MAROON,Red
BRIEFCASE,LEGACY BLACK,Black
BRIEFCASE,LEGACY BROWN,Brown
BRIEFCASE,LEGACY GREY,Grey
BRIEFCASE,LEGACY DARK BROWN,Brown
BRIEFCASE,LEGACY GREEN,Green
BRIEFCASE,LEGACY CRACKED,Brown
BRIEFCASE,LEGACY BEIGE,Beige
BRIEFCASE,LEGACY RED,Red
SLING,LEILA SPICE,Brown
SLING,LEILA YELLOW BROWN,Brown
SLING,LEILA BLACK,Black
SLING,LEILA CHOCOLATE,Brown
SLING,LEILA RED,Red
SLING,LEILA BEIGE,Beige
SLING,LEILA GREY,Grey
SLING,LEILA CRACKED,Brown
SLING,LEILA DARK BROWN,Brown
TRAVEL,LIAM BLACK,Black
TRAVEL,LIAM BROWN,Brown
TRAVEL,LIAM NUDE,Beige
TRAVEL,LIAM GREEN,Green
TRAVEL,LIAM GREY,Grey
TRAVEL,LIAM RED,Red
TRAVEL,LITE BLACK/BROWN,Black
TRAVEL,LITE BROWN/BLACK,Black
TRAVEL,LITE GREY/BLACK,Black
TRAVEL,LITE NUDE/BLACK,Black
TRAVEL,LITE GREEN/BLACK,Black
HANDBAG,LOLA YELLOW BROWN,Brown
HANDBAG,LOLA RED.PATTERN,Red
HANDBAG,LOLA WOOVEN BLACK,Black
HANDBAG,LOLA WOOVEN MAROON,Red
HANDBAG,LOLA WOOVEN MUSTARD,Brown
HANDBAG,LOLA WOOVEN PURPLE,Purple
HANDBAG,LOLA GREY,Grey
HANDBAG,LOLA CHOCO,Brown
HANDBAG,LOLA CRACKED,Brown
HANDBAG,LOLA RED,Red
HANDBAG,LOLA BLACK,Black
HANDBAG,LOLA SPICE,Brown
HANDBAG,LOLA BEIGE,Beige
HANDBAG,LOLA MAROON,Red
HANDBAG,LOLA DARK BROWN,Brown
BACKPACK,LOOP BP CN BLACK,Black
BACKPACK,LOOP BP SPICE,Brown
BACKPACK,LOOP BP CRACKED,Brown
BACKPACK,LOOP BP BLACK,Black
BACKPACK,LOOP BP MAROON,Red
BACKPACK,LOOP BP GREEN,Green
BACKPACK,LOOP BP CN GREY,Grey
BACKPACK,LOOP BP RED,Red
BACKPACK,LOOP BP DARK BROWN,Brown
BACKPACK,LOOP BP CN DARK BROWN,Brown
BRIEFCASE,LOTUS GREY,Grey
BRIEFCASE,LOTUS CRACKED,Brown
BRIEFCASE,LOTUS SPICE,Brown
BRIEFCASE,LOTUS BEIGE,Beige
BRIEFCASE,LOTUS BLACK,Black
BRIEFCASE,LOTUS RED,Red
BRIEFCASE,LOTUS DARK BROWN,Brown
BRIEFCASE,LOTUS CHOCO,Brown
BABY BAG,LUCA BLACK,Black
BABY BAG,LUCA NUDE,Beige
BABY BAG,LUCA BROWN,Brown
BABY BAG,LUCA YELLOW DOTTED,Brown
BABY BAG,LUCA GREEN,Green
BABY BAG,LUCA GREY,Grey
MAN BAG,LUNA BLACK,Black
MAN BAG,LUNA GREEN,Green
MAN BAG,LUNA RED,Red
MAN BAG,LUNA BROWN,Brown
MAN BAG,LUNA NUDE,Beige
MAN BAG,LUNA GREY,Grey
MAN BAG,LUNA AMAPIANO BLACK,Black
MAN BAG,LUNA AMAPIANO GREEN,Green
MAN BAG,LUNA AMAPIANO YELLOW DOTTED,Brown
MAN BAG,LUNA AMAPIANO BROWN,Brown
MAN BAG,LUNA AMAPIANO NUDE,Beige
MAN BAG,LUNA AMAPIANO GREY,Grey
LUNCH BAG,LUNCHSET BLACK,Black
LUNCH BAG,LUNCHSET NUDE,Beige
LUNCH BAG,LUNCHSET BROWN,Brown
LUNCH BAG,LUNCHSET YELLOW DOTTED,Brown
LUNCH BAG,LUNCHSET GREEN,Green
LUNCH BAG,LUNCHSET GREY,Grey
MAKE UP,MAKE UP POUCH BROWN,Brown
MAKE UP,MAKE UP POUCH BLACK,Black
MAKE UP,MAKE UP POUCH YELLOW DOTTED,Brown
MAKE UP,MAKE UP POUCH GREY,Grey
MAKE UP,MAKE UP POUCH NUDE,Beige
MAKE UP,MAKE UP POUCH BLUE,Blue
MAKE UP,MAKE UP POUCH GREEN,Green
MAN BAG,MAN BAG BLACK,Black
MAN BAG,MAN BAG BROWN,Brown
MAN BAG,MAN BAG NUDE,Beige
MAN BAG,MAN BAG GREY,Grey
MAN BAG,MAN BAG GREEN,Green
MAN BAG,MAN BAG YELLOW DOTTED,Brown
MAN BAG,MAN BAG RED,Red
MAN BAG,MAN BAG BLUE,Blue
HANDBAG,MANDY HB BLACK,Black
HANDBAG,MANDY HB SPICE,Brown
HANDBAG,MANDY HB CRACKED,Brown
HANDBAG,MANDY HB GREY,Grey
HANDBAG,MANDY HB CHOCO,Brown
HANDBAG,MANDY HB BEIGE,Beige
HANDBAG,MANDY HB Cream,Beige
HANDBAG,MANDY HB DARK BROWN,Brown
HANDBAG,MANDY HB RED,Red
HANDBAG,MARLEY BEIGE,Beige
HANDBAG,MARLEY BLACK,Black
HANDBAG,MARLEY MAROON,Red
HANDBAG,MARLEY DARK BROWN,Brown
SLING,MAYA MUSTARD,Brown
SLING,MAYA RED.PATTERN,Red
SLING,MAYA WOOVEN BLACK,Black
SLING,MAYA WOOVEN MAROON,Red
SLING,MAYA WOOVEN MUSTARD,Brown
SLING,MAYA WOOVEN PURPLE,Purple
SLING,MAYA BLACK,Black
SLING,MAYA PINK,Pink
SLING,MAYA MINT GREEN,Green
SLING,MAYA BROWN,Brown
SLING,MAYA LILAC,Pink
SLING,MAYA BLUE,Blue
BACKPACK,MEGA BLACK,Black
BACKPACK,MEGA BROWN,Brown
BACKPACK,MEGA GREY,Grey
BACKPACK,MEGA NUDE,Beige
BACKPACK,MEGA GREEN,Green
BACKPACK,MEGA YELLOW DOTTED,Brown
MAN BAG,MINI MANBAG GREY,Grey
MAN BAG,MINI MANBAG BLACK,Black
MAN BAG,MINI MANBAG CRACKED,Brown
MAN BAG,MINI MANBAG BEIGE,Beige
MAN BAG,MINI MANBAG RED,Red
MAN BAG,MINI MANBAG SPICE,Brown
MAN BAG,MINI MANBAG CHOCOLATE,Brown
MAN BAG,MINI MANBAG YELLOW BROWN,Brown
MAN BAG,MINI MANBAG DARK BROWN,Brown
HANDBAG,MINI MAYA WOOVEN MUSTARD,Brown
HANDBAG,MINI MAYA RED PATTERN,Red
HANDBAG,MINI MAYA WOOVEN BLACK,Black
HANDBAG,MINI MAYA WOOVEN PURPLE,Purple
HANDBAG,MINI MAYA WOOVEN MAROON,Red
SCHOOL BAG,MINI SCHOOL BLACK,Black
SCHOOL BAG,MINI SCHOOL GREY,Grey
SCHOOL BAG,MINI SCHOOL BROWN,Brown
SCHOOL BAG,MINI SCHOOL RED,Red
SCHOOL BAG,MINI SCHOOL GREEN,Green
SCHOOL BAG,MINI SCHOOL NUDE,Beige
CHEST BAG,MINI UMBRA BLACK,Black
CHEST BAG,MINI UMBRA GREY,Grey
CHEST BAG,MINI UMBRA CRACKED,Brown
CHEST BAG,MINI UMBRA SPICE,Brown
CHEST BAG,MINI UMBRA MANYATTA DARK BROWN,Brown
CHEST BAG,MINI UMBRA MANYATTA DARK GREEN,Green
CHEST BAG,MINI UMBRA MANYATTA GREEN,Green
CHEST BAG,MINI UMBRA MANYATTA YELLOW,Yellow
CHEST BAG,MINI UMBRA BEIGE,Beige
CHEST BAG,MINI UMBRA DARK BROWN,Brown
CHEST BAG,MINI UMBRA RED,Red
CHEST BAG,MINI UMBRA YELLOW BROWN,Brown
CHEST BAG,MINI UMBRA CHOCOLATE,Brown
HANDBAG,MINI ZURI GREY,Grey
HANDBAG,MINI ZURI WOOVEN BLACK,Black
HANDBAG,MINI ZURI WOOVEN MAROON,Red
HANDBAG,MINI ZURI WOOVEN MUSTARD,Brown
HANDBAG,MINI ZURI WOOVEN PURPLE,Purple
HANDBAG,MINI ZURI BLACK,Black
HANDBAG,MINI ZURI BEIGE,Beige
HANDBAG,MINI ZURI RED,Red
HANDBAG,MINI ZURI SPICE,Brown
HANDBAG,MINI ZURI CRACKED,Brown
HANDBAG,MINI ZURI MAROON,Red
HANDBAG,MINI ZURI AMBER BROWN,Brown
HANDBAG,MINI ZURI YELLOW BROWN,Brown
HANDBAG,MINI ZURI CHOCOLATE,Brown
HANDBAG,MINI ZURI RED P,Red
HANDBAG,MINI ZURI DARK BROWN,Brown
TRAVEL,MODERN TRAVEL GREY,Grey
TRAVEL,MODERN TRAVEL GREEN,Green
TRAVEL,MODERN TRAVEL BROWN,Brown
TRAVEL,MODERN TRAVEL NUDE,Beige
TRAVEL,MODERN TRAVEL BLACK,Black
TRAVEL,MODERN TRAVEL YELLOW DOTTED,Brown
BACKPACK,MONAH BP BLACK,Black
BACKPACK,MONAH BP SPICE,Brown
BACKPACK,MONAH BP CRACKED,Brown
BACKPACK,MONAH BP GREY,Grey
BACKPACK,MONAH BP BEIGE,Beige
BACKPACK,MONAH BP MAROON,Red
BACKPACK,MONAH BP CHOCO,Brown
BACKPACK,MONAH BP DARK BROWN,Brown
BACKPACK,MONAH BP RED,Red
SLING,MONTANA BEIGE,Beige
SLING,MONTANA BLACK,Black
SLING,MONTANA CHOCO,Brown
SLING,MONTANA CRACKED,Brown
SLING,MONTANA CREAM,Beige
SLING,MONTANA DARK BROWN,Brown
SLING,MONTANA GREEN TT,Green
SLING,MONTANA GREY,Grey
SLING,MONTANA RED,Red
SLING,MONTANA SPICE,Brown
SLING,MOON BAG SPICE,Brown
SLING,MOON BAG RED.PATTERN,Red
SLING,MOON BAG WOOVEN BLACK,Black
SLING,MOON BAG WOOVEN MAROON,Red
SLING,MOON BAG WOOVEN MUSTARD,Brown
SLING,MOON BAG WOOVEN PURPLE,Purple
SLING,MOON BAG GREY,Grey
SLING,MOON BAG CRACKED,Brown
SLING,MOON BAG BLACK,Black
SLING,MOON BAG BEIGE,Beige
SLING,MOON BAG RED,Red
SLING,MOON BAG YELLOW BROWN,Brown
SLING,MOON BAG CHOCOLATE BROWN,Brown
SLING,MOON BAG MAROON,Red
SLING,MOON BAG AMBER BROWN,Brown
SLING,MOON BAG DARK BROWN,Brown
TRAVEL,MRADI TRAVEL BLACK,Black
TRAVEL,MRADI TRAVEL BROWN,Brown
TRAVEL,MRADI TRAVEL GREEN,Green
TRAVEL,MRADI TRAVEL YELLOW DOTTED,Brown
TRAVEL,MRADI TRAVEL GREY,Grey
TRAVEL,MRADI TRAVEL NUDE,Beige
MESSENGER,MYSTIQUE GREY,Grey
MESSENGER,MYSTIQUE BLACK,Black
MESSENGER,MYSTIQUE CRACKED,Brown
MESSENGER,MYSTIQUE BEIGE,Beige
MESSENGER,MYSTIQUE RED,Red
MESSENGER,MYSTIQUE SPICE,Brown
MESSENGER,MYSTIQUE CHOCOLATE,Brown
MESSENGER,MYSTIQUE YELLOW BROWN,Brown
MESSENGER,MYSTIQUE DARK BROWN,Brown
HANDBAG,NALA BLACK,Black
HANDBAG,NALA BLUE,Blue
HANDBAG,NALA RED,Red
HANDBAG,NALA GREEN,Green
MAN BAG,NEO MAN BLACK,Black
MAN BAG,NEO MAN GREY,Grey
MAN BAG,NEO MAN BROWN,Brown
MAN BAG,NEO MAN GREEN,Green
MAN BAG,NEO MAN NUDE,Beige
MAN BAG,NEO MAN YELLOW DOTTED,Brown
HANDBAG,NINA MUSTARD,Brown
HANDBAG,NINA BLACK,Black
HANDBAG,NINA LILAC,Pink
HANDBAG,NINA PINK,Pink
HANDBAG,NINA BLUE,Blue
HANDBAG,NINA GREEN,Green
HANDBAG,NINA MAROON,Red
HANDBAG,NINA MINT GREEN,Green
HANDBAG,NINA BROWN,Brown
SLING,NIZANA BLACK,Black
SLING,NIZANA RED PATTERN,Red
SLING,NIZANA CRACKED,Brown
SLING,NIZANA SPICE,Brown
SLING,NIZANA GREY,Grey
SLING,NIZANA BEIGE,Beige
SLING,NIZANA CHOCOLATE,Brown
SLING,NIZANA YELLOW BROWN,Brown
SLING,NIZANA RED,Red
SLING,NIZANA DARK BROWN,Brown
BRIEFCASE,NOVA SPICE,Brown
BRIEFCASE,NOVA GREY,Grey
BRIEFCASE,NOVA BLACK,Black
BRIEFCASE,NOVA NUDE,Beige
BRIEFCASE,NOVA CRACKED,Brown
BRIEFCASE,NOVA CHOCOLATE,Brown
BRIEFCASE,NOVA YELLOW BROWN,Brown
BACKPACK,NYLA BP BLACK,Black
BACKPACK,NYLA BP BROWN,Brown
BACKPACK,NYLA BP NUDE,Beige
BACKPACK,NYLA BP GREY,Grey
BACKPACK,NYLA BP YELLOW DOTTED,Brown
BACKPACK,NYLA BP GREEN,Green
HANDBAG,OVAL HANDBAG BROWN,Brown
HANDBAG,OVAL HANDBAG WOOVEN BLACK,Black
HANDBAG,OVAL HANDBAG WOOVEN MAROON,Red
HANDBAG,OVAL HANDBAG WOOVEN MUSTARD,Brown
HANDBAG,OVAL HANDBAG WOOVEN PURPLE,Purple
HANDBAG,OVAL HANDBAG GREY,Grey
HANDBAG,OVAL HANDBAG GREEN,Green
HANDBAG,OVAL HANDBAG NUDE,Beige
HANDBAG,OVAL HANDBAG BLACK,Black
HANDBAG,OVAL HANDBAG RED,Red
HANDBAG,OVAL HANDBAG RED PATTERN,Red
HANDBAG,OVAL HANDBAG CHOCOLATE,Brown
BACKPACK,PIONEER BLACK,Black
BACKPACK,PIONEER BROWN,Brown
BACKPACK,PIONEER GREY,Grey
BACKPACK,PIONEER NUDE,Beige
BACKPACK,PIONEER GREEN,Green
BACKPACK,PIONEER YELLOW DOTTED,Brown
TRAVEL,POCKET TRAVEL BLACK,Black
TRAVEL,POCKET TRAVEL BROWN,Brown
TRAVEL,POCKET TRAVEL NUDE,Beige
TRAVEL,POCKET TRAVEL YELLOW DOTTED,Brown
TRAVEL,POCKET TRAVEL GREEN,Green
TRAVEL,POCKET TRAVEL GREY,Grey
MAKE UP,POH HAIRISTIC SPICE,Brown
MAKE UP,POH HAIRISTIC GREY,Grey
MAKE UP,POH HAIRISTIC GREEN,Green
MAKE UP,POH HAIRISTIC CRACKED,Brown
MAKE UP,POH HAIRISTIC RED,Red
MAKE UP,POH HAIRISTIC CHOCO,Brown
MAKE UP,POH HAIRISTIC BLACK,Black
BACKPACK,PRIME BLACK,Black
BACKPACK,PRIME BROWN,Brown
BACKPACK,PRIME NUDE,Beige
BACKPACK,PRIME GREY,Grey
BACKPACK,PRIME YELLOW DOTTED,Brown
BACKPACK,PRIME GREEN,Green
BACKPACK,PRIME RED,Red
CHEST BAG,REESTO CHEST GREY,Grey
CHEST BAG,REESTO CHEST SPICE,Brown
CHEST BAG,REESTO CHEST CRACKED,Brown
CHEST BAG,REESTO CHEST BEIGE,Beige
CHEST BAG,REESTO CHEST RED,Red
CHEST BAG,REESTO CHEST BLACK,Black
CHEST BAG,REESTO CHEST CHOCO,Brown
CHEST BAG,REESTO CHEST DARK BROWN,Brown
CHEST BAG,REESTO CHEST YELLOW BROWN,Brown
BACKPACK,REMI SPICE,Brown
BACKPACK,REMI DARK BROWN,Brown
BACKPACK,REMI BLACK,Black
BACKPACK,REMI BEIGE,Beige
BACKPACK,REMI CRACKED,Brown
BACKPACK,REMI GREY,Grey
BACKPACK,REMI RED,Red
BACKPACK,REMI YELLOW BROWN,Brown
BACKPACK,REMI CHOCOLATE,Brown
TRAVEL,REO TRAVEL BLACK,Black
TRAVEL,REO TRAVEL BROWN,Brown
TRAVEL,REO TRAVEL NUDE,Beige
TRAVEL,REO TRAVEL GREY,Grey
TRAVEL,REO TRAVEL YELLOW DOTTED,Brown
TRAVEL,REO TRAVEL GREEN,Green
HANDBAG,ROZA CRACKED,Brown
HANDBAG,ROZA SPICE,Brown
HANDBAG,ROZA GREY,Grey
HANDBAG,ROZA BLACK,Black
HANDBAG,ROZA RED,Red
HANDBAG,ROZA YELLOW BROWN,Brown
HANDBAG,ROZA CHOCOLATE,Brown
HANDBAG,ROZA DARK BROWN,Brown
HANDBAG,ROZA MAROON,Red
HANDBAG,ROZA BEIGE,Beige
BACKPACK,SAFIRI BP BLACK,Black
BACKPACK,SAFIRI BP BROWN,Brown
BACKPACK,SAFIRI BP NUDE,Beige
BACKPACK,SAFIRI BP GREY,Grey
BACKPACK,SAFIRI BP GREEN,Green
TRAVEL,SAFIRI TRAVEL BROWN,Brown
TRAVEL,SAFIRI TRAVEL BLACK,Black
TRAVEL,SAFIRI TRAVEL GREY,Grey
TRAVEL,SAFIRI TRAVEL NUDE,Beige
TRAVEL,SAFIRI TRAVEL P .BLUE,Blue
TRAVEL,SAFIRI TRAVEL CRIMSON,Red
TRAVEL,SAFIRI TRAVEL GREEN,Green
HANDBAG,SANTANA MINT GREEN,Green
HANDBAG,SANTANA RED PATTERN,Red
HANDBAG,SANTANA BLACK,Black
HANDBAG,SANTANA MUSTARD,Brown
HANDBAG,SANTANA LILAC,Pink
TRAVEL,SARAI NUDE,Beige
TRAVEL,SARAI YELLOW DOTTED,Brown
TRAVEL,SARAI BLACK,Black
TRAVEL,SARAI GREEN,Green
TRAVEL,SARAI GREY,Grey
TRAVEL,SARAI BROWN,Brown
BRIEFCASE,SATCHEL BLACK,Black
BRIEFCASE,SATCHEL GREY,Grey
BRIEFCASE,SATCHEL SPICE,Brown
BRIEFCASE,SATCHEL CRACKED,Brown
BRIEFCASE,SATCHEL RED,Red
BRIEFCASE,SATCHEL BEIGE,Beige
BRIEFCASE,SATCHEL WOOVEN BLACK,Black
BRIEFCASE,SATCHEL CHOCOLATE,Brown
BRIEFCASE,SATCHEL DARK BROWN,Brown
TRAVEL,SATIS BLACK,Black
TRAVEL,SATIS CRACKED,Brown
TRAVEL,SATIS SPICE,Brown
TRAVEL,SATIS GREY,Grey
TRAVEL,SATIS RED,Red
TRAVEL,SATIS BEIGE,Beige
TRAVEL,SATIS YELLOW BROWN,Brown
TRAVEL,SATIS AMBER,Brown
TRAVEL,SATIS D.BROWN,Brown
TRAVEL,SATIS CHOCOLATE,Brown
SLING,SAVANNAH SLING BLACK,Black
SLING,SAVANNAH SLING CARAMEL,Brown
SLING,SAVANNAH SLING MUSTARD,Brown
SLING,SAVANNAH SLING MAROON,Red
SLING,SAVANNAH SLING CREAM,Beige
HANDBAG,SCARLET BLACK,Black
HANDBAG,SCARLET CROC.PINK,Pink
HANDBAG,SCARLET CROC.ORANGE,Orange
HANDBAG,SCARLET CROC.MUSTARD,Brown
HANDBAG,SCARLET CROC.BROWN,Brown
SCHOOL BAG,SCHOOL BAG BLACK,Black
SCHOOL BAG,SCHOOL BAG BROWN,Brown
SCHOOL BAG,SCHOOL BAG BEIGE,Beige
SCHOOL BAG,SCHOOL BAG GREY,Grey
SCHOOL BAG,SCHOOL BAG GREEN,Green
SCHOOL BAG,SCHOOL BAG BLUE,Blue
SCHOOL BAG,SCOOBY BLACK,Black
SCHOOL BAG,SCOOBY DARK BROWN,Brown
SCHOOL BAG,SCOOBY SPICE,Brown
SCHOOL BAG,SCOOBY GREY,Grey
SCHOOL BAG,SCOOBY RED,Red
SCHOOL BAG,SCOOBY CRACKED,Brown
SCHOOL BAG,SCOOBY CHOCO,Brown
SCHOOL BAG,SCOOBY BEIGE,Beige
BACKPACK,SHUGLI BACKPACK BROWN,Brown
BACKPACK,SHUGLI BACKPACK BLACK,Black
BACKPACK,SHUGLI BACKPACK GREY,Grey
BACKPACK,SHUGLI BACKPACK YELLOW DOTTED,Brown
BACKPACK,SHUGLI BACKPACK GREEN,Green
BACKPACK,SHUGLI BACKPACK NUDE,Beige
HANDBAG,SIERRA HANDBAG WOOVEN BLACK,Black
HANDBAG,SIERRA HANDBAG WOOVEN CREAM,Beige
HANDBAG,SIERRA HANDBAG WOOVEN MAROON,Red
HANDBAG,SIERRA HANDBAG WOOVEN BROWN,Brown
HANDBAG,SKYE HB WOOVEN BLACK,Black
HANDBAG,SKYE HB Wooven Lilac,Pink
HANDBAG,SKYE HB WOOVEN MAROON,Red
HANDBAG,SKYE HB WOOVEN PURPLE,Purple
BRIEFCASE,SLEEVE 1 CARAMEL,Brown
BRIEFCASE,SLEEVE 1 BLACK,Black
BRIEFCASE,SLEEVE 1 BROWN,Brown
BRIEFCASE,SLEEVE 1 GREEN,Green
BRIEFCASE,SLEEVE 2 CARAMEL,Brown
BRIEFCASE,SLEEVE 2 BLACK,Black
BRIEFCASE,SLEEVE 2 BROWN,Brown
BRIEFCASE,SLEEVE 2 GREEN,Green
SCHOOL BAG,SPARK BLACK,Black
SCHOOL BAG,SPARK BROWN,Brown
SCHOOL BAG,SPARK GREY,Grey
SCHOOL BAG,SPARK NUDE,Beige
SCHOOL BAG,SPARK GREEN,Green
SCHOOL BAG,SPARK YELLOW DOTTED,Brown
SPORT,SPLASH BACKPACK BLACK,Black
SPORT,SPLASH BACKPACK GREEN,Green
SPORT,SPLASH BACKPACK BROWN,Brown
SPORT,SPLASH BACKPACK BEIGE,Beige
SPORT,SPLASH BACKPACK GREY,Grey
TRAVEL,TAJI BLACK,Black
TRAVEL,TAJI MAROON 018,Red
TRAVEL,TAJI DARK BROWN,Brown
TRAVEL,TAJI BEIGE,Beige
TRAVEL,TAJI BROWN,Brown
TRAVEL,TAJI GREEN,Green
TRAVEL,TAJI RED,Red
TRAVEL,TAJI BLUE,Blue
TRAVEL,TAJI GREY,Grey
TRAVEL,TITAN TRAVEL TITAN 1,
TRAVEL,TITAN TRAVEL TITAN 15,
TRAVEL,TITAN TRAVEL TITAN 5,
TRAVEL,TITAN TRAVEL TITAN 14,
TRAVEL,TITAN TRAVEL TITAN 11,
TRAVEL,TITAN TRAVEL TITAN 3,
TRAVEL,TITAN TRAVEL TITAN 6,
TRAVEL,TRAVEL GREY,Grey
TRAVEL,TRAVEL YELLOW DOTTED,Brown
TRAVEL,TRAVEL NUDE,Beige
TRAVEL,TRAVEL BROWN,Brown
TRAVEL,TRAVEL BLACK,Black
TRAVEL,TRAVEL RED,Red
TRAVEL,TRAVEL BLUE,Blue
TRAVEL,TRAVEL GREEN,Green
TRAVEL,TRAVOLTA BLACK,Black
TRAVEL,TRAVOLTA DARK BROWN,Brown
TRAVEL,TRAVOLTA SPICE,Brown
TRAVEL,TRAVOLTA GREY,Grey
TRAVEL,TRAVOLTA RED,Red
TRAVEL,TRAVOLTA CRACKED,Brown
TRAVEL,TRAVOLTA CHOCO,Brown
TRAVEL,TRAVOLTA BEIGE,Beige
SLING,TRECENTO SPICE,Brown
SLING,TRECENTO GREY,Grey
SLING,TRECENTO CRACKED,Brown
SLING,TRECENTO BLACK,Black
SLING,TRECENTO RED,Red
SLING,TRECENTO YELLOW BROWN,Brown
SLING,TRECENTO CHOCOLATE,Brown
SLING,TRECENTO DARK BROWN,Brown
SLING,TRECENTO WOOVEN MAROON,Red
SLING,TRECENTO BEIGE,Beige
MAN BAG,TRIO MIO BLACK,Black
MAN BAG,TRIO MIO GREY,Grey
MAN BAG,TRIO MIO NUDE,Beige
MAN BAG,TRIO MIO GREEN,Green
MAN BAG,TRIO MIO BROWN,Brown
TRAVEL,TWAIN TRAVEL GREY,Grey
TRAVEL,TWAIN TRAVEL BEIGE,Beige
TRAVEL,TWAIN TRAVEL RED,Red
TRAVEL,TWAIN TRAVEL SPICE,Brown
TRAVEL,TWAIN TRAVEL CRACKED,Brown
TRAVEL,TWAIN TRAVEL YELLOW BROWN,Brown
TRAVEL,TWAIN TRAVEL CHOCOLATE,Brown
TRAVEL,TWAIN TRAVEL DARK BROWN,Brown
BACKPACK,TYLER BLACK,Black
BACKPACK,TYLER YELLOW DOTTED,Brown
BACKPACK,TYLER BROWN,Brown
BACKPACK,TYLER GREY,Grey
BACKPACK,TYLER NUDE,Beige
BACKPACK,TYLER GREEN,Green
CHEST BAG,UMBRA CRACKED,Brown
CHEST BAG,UMBRA SPICE,Brown
CHEST BAG,UMBRA GREY,Grey
CHEST BAG,UMBRA BEIGE,Beige
CHEST BAG,UMBRA GREEN,Green
CHEST BAG,UMBRA RED,Red
CHEST BAG,UMBRA BLACK,Black
CHEST BAG,UMBRA DARK BROWN,Brown
CHEST BAG,UMBRA CHOCOLATE,Brown
SLING,VAL CROC ORANGE,Orange
SLING,VAL CROC PINK,Pink
SLING,VAL CROC BROWN,Brown
SLING,VAL BLACK,Black
SLING,VAL RED,Red
SLING,VAL CROC MUSTARD,Brown
MAKE UP,VANITY SPICE,Brown
MAKE UP,VANITY DARK BROWN,Brown
MAKE UP,VANITY BLACK,Black
MAKE UP,VANITY BEIGE,Beige
MAKE UP,VANITY CRACKED,Brown
MAKE UP,VANITY GREY,Grey
MAKE UP,VANITY RED,Red
MAKE UP,VANITY YELLOW BROWN,Brown
MAKE UP,VANITY AMBER,Brown
MAKE UP,VANITY MAROON,Red
MAKE UP,VANITY CHOCOLATE,Brown
TRAVEL,VOYAGE BLACK,Black
TRAVEL,VOYAGE BROWN,Brown
TRAVEL,VOYAGE GREEN,Green
TRAVEL,VOYAGE GREY,Grey
TRAVEL,VOYAGE NUDE,Beige
TRAVEL,VOYAGE RED,Red
TRAVEL,VOYAGE BLUE,Blue
TRAVEL,VOYAGE YELLOW DOTTED,Brown
TRAVEL,WANDER LUXE PATTERN PINK,Pink
TRAVEL,WANDER LUXE PATTERN BLUE,Blue
TRAVEL,WANDER LUXE PATTERN RED,Red
WASHBAG,WASHBAG BLACK,Black
WASHBAG,WASHBAG BROWN,Brown
WASHBAG,WASHBAG NUDE,Beige
WASHBAG,WASHBAG GREY,Grey
WASHBAG,WASHBAG RED,Red
WASHBAG,WASHBAG GREEN,Green
HANDBAG,YARA lilac,Pink
HANDBAG,YARA MUSTARD,Brown
HANDBAG,YARA BLUE,Blue
HANDBAG,YARA PINK,Pink
HANDBAG,YARA BROWN,Brown
HANDBAG,YARA GREEN,Green
HANDBAG,YARA BLACK,Black
MAN BAG,ZANE MAN BLACK,Black
MAN BAG,ZANE MAN CRACKED,Brown
MAN BAG,ZANE MAN BEIGE,Beige
MAN BAG,ZANE MAN SPICE,Brown
MAN BAG,ZANE MAN GREY,Grey
MAN BAG,ZANE MAN CHOCOLATE,Brown
MAN BAG,ZANE MAN RED,Red
MAN BAG,ZANE MAN GREEN,Green
MAN BAG,ZANE MAN DARK BROWN,Brown
BACKPACK,ZELUS BLACK,Black
BACKPACK,ZELUS CRACKED,Brown
BACKPACK,ZELUS BEIGE,Beige
BACKPACK,ZELUS SPICE,Brown
BACKPACK,ZELUS GREY,Grey
BACKPACK,ZELUS CHOCOLATE,Brown
BACKPACK,ZELUS DARK BROWN,Brown
BACKPACK,ZELUS YELLOW BROWN,Brown
TRAVEL,ZENO GREY/BLACK,Black
TRAVEL,ZENO SPICE/BLACK,Black
TRAVEL,ZENO BLACK/GREY,Black
TRAVEL,ZENO CRACKED/BLACK,Black
TRAVEL,ZENO YELLOW BROWN,Brown
TRAVEL,ZENO CHOCOLATE/BLACK,Black
TRAVEL,ZENO BLACK/RED,Black
TRAVEL,ZENO BLACK/CRACKED,Black
MAN BAG,ZIARA MAN BAG BROWN,Brown
MAN BAG,ZIARA MAN BAG BLACK,Black
MAN BAG,ZIARA MAN BAG NUDE,Beige
MAN BAG,ZIARA MAN BAG GREEN,Green
MAN BAG,ZIARA MAN BAG YELLOW DOTTED,Brown
MAN BAG,ZIARA MAN BAG GREY,Grey
SLING,ZING SLING BLACK,Black
SLING,ZING SLING SPICE,Brown
SLING,ZING SLING CRACKED,Brown
SLING,ZING SLING GREY,Grey
SLING,ZING SLING YELLOW BROWN,Brown
SLING,ZING SLING CHOCOLATE,Brown
SLING,ZING SLING RED,Red
SLING,ZING SLING BEIGE,Beige
SLING,ZING SLING DARK BROWN,Brown
LUNCH BAG,ZIPPED LUNCHSET GREY,Grey
LUNCH BAG,ZIPPED LUNCHSET BROWN,Brown
LUNCH BAG,ZIPPED LUNCHSET BEIGE,Beige
LUNCH BAG,ZIPPED LUNCHSET BLACK,Black
LUNCH BAG,ZIPPED LUNCHSET YELLOW DOTTED,Brown
LUNCH BAG,ZIPPED LUNCHSET GREEN,Green
SPORT,ZOEZI BROWN,Brown
SPORT,ZOEZI GREEN,Green
SPORT,ZOEZI NUDE,Beige
SPORT,ZOEZI BLACK,Black
SPORT,ZOEZI GREY,Grey
SPORT,ZOEZI YELLOW DOTTED,Brown
MAN BAG,ZULA CN BLACK,Black
MAN BAG,ZULA CN GREY,Grey
MAN BAG,ZULA ANTELOPE BROWN,Brown
MAN BAG,ZULA NUDE,Beige
MAN BAG,ZULA GREEN,Green
MAN BAG,ZULA RED,Red
MAN BAG,ZULA BLACK,Black
MAN BAG,ZULA YELLOW DOTTED,Brown
HANDBAG,ZURI RED,Red
HANDBAG,ZURI RED.PATTERN,Red
HANDBAG,ZURI BEIGE,Beige
HANDBAG,ZURI BLACK,Black
HANDBAG,ZURI CRACKED,Brown
HANDBAG,ZURI SPICE,Brown
HANDBAG,ZURI CHOCOLATE,Brown
HANDBAG,ZURI YELLOW BROWN,Brown
HANDBAG,ZURI MAROON,Red
HANDBAG,ZURI AMBER,Brown
HANDBAG,ZURI GREY,Grey
HANDBAG,ZURI DARK BROWN,Brown
