Tier,Month,Product,Location,Type,Original,Current,Discount,Poster name,Poster
Tier 1,October,Belt Bag,Kitengela,Deal of the Week,1400,1000,400,Belt bag,Kitengela
Tier 1,October,Zane Man,Kitengela,Deal of the Week,1600,1200,400,Zane man bag,Kitengela
Tier 1,October,School Bag,Kitengela,Deal of the Week,2100,1700,400,School bag,Kitengela
Tier 1,October,Mini Zuri,Kitengela,Deal of the Week,2600,2200,400,Mini zuri,Kitengela
Tier 1,October,Zoezi,Kitengela,Deal of the Week,3600,3200,400,Zoezi bag,Kitengela
Tier 1,October,Oval Handbag,Kitengela,Deal of the Week,1600,1200,400,Oval handbag,Kitengela
Tier 1,October,Reo Travel,Kisii,Deal of the Week,2800,2400,400,Reo travel,Kisii
Tier 1,October,Big Man Bag,Kisii,Deal of the Week,2100,1700,400,Big man bag,Kisii
Tier 1,October,Fayola,Kisii,Deal of the Week,2100,1700,400,Fayola messenger,Kisii
Tier 1,October,Mini Zuri,Kisii,Deal of the Week,2600,2200,400,Mini zuri,Kisii
Tier 1,October,Mini Umbra,Kisii,Deal of the Week,1600,1200,400,Mini umbra,Kisii
Tier 1,October,Tyler,Kisii,Deal of the Week,2600,2200,400,Tyler backpack,Kisii
Tier 1,October,Reo Travel,Busia,Deal of the Week,2800,2400,400,Reo travel,Busia
Tier 1,October,Mini Umbra,Busia,Deal of the Week,1600,1200,400,Mini umbra,Busia
Tier 1,October,Claire Handbag,Busia,Deal of the Week,3000,2600,400,Claire handbag,Busia
Tier 1,October,Mini Zuri,Busia,Deal of the Week,2600,2200,400,Mini zuri,Busia
Tier 1,October,Big Man Bag,Busia,Deal of the Week,2100,1700,400,Big man bag,Busia
Tier 1,October,Butterfly Sling,Busia,Deal of the Week,1600,1200,400,Butterfly sling,Busia
Tier 1,October,Pioneer,Starmall,Deal of the Week,2600,2200,400,Pioneer backpack,Nairobi Town
Tier 1,October,Big Man Bag,Starmall,Deal of the Week,2100,1700,400,Big man bag,Nairobi Town
Tier 1,October,Claire Handbag,Starmall,Deal of the Week,3000,2600,400,Claire handbag,Nairobi Town
Tier 1,October,Trecento,Starmall,Deal of the Week,2100,1700,400,Trecento,Nairobi Town
Tier 1,October,Gym Bag,Starmall,Deal of the Week,2600,2200,400,Gym bag,Nairobi Town
Tier 1,October,Butterfly Sling,Starmall,Deal of the Week,1600,1200,400,Butterfly sling,Nairobi Town
Tier 1,October,Pioneer,Hazina,Deal of the Week,2600,2200,400,Pioneer backpack,Nairobi Town
Tier 1,October,Big Man Bag,Hazina,Deal of the Week,2100,1700,400,Big man bag,Nairobi Town
Tier 1,October,Claire Handbag,Hazina,Deal of the Week,3000,2600,400,Claire handbag,Nairobi Town
Tier 1,October,Trecento,Hazina,Deal of the Week,2100,1700,400,Trecento,Nairobi Town
Tier 1,October,Gym Bag,Hazina,Deal of the Week,2600,2200,400,Gym bag,Nairobi Town
Tier 1,October,Butterfly Sling,Hazina,Deal of the Week,1600,1200,400,Butterfly sling,Nairobi Town
Tier 1,October,Pioneer,Hilton,Deal of the Week,2600,2200,400,Pioneer backpack,Nairobi Town
Tier 1,October,Big Man Bag,Hilton,Deal of the Week,2100,1700,400,Big man bag,Nairobi Town
Tier 1,October,Claire Handbag,Hilton,Deal of the Week,3000,2600,400,Claire handbag,Nairobi Town
Tier 1,October,Trecento,Hilton,Deal of the Week,2100,1700,400,Trecento,Nairobi Town
Tier 1,October,Gym Bag,Hilton,Deal of the Week,2600,2200,400,Gym bag,Nairobi Town
Tier 1,October,Butterfly Sling,Hilton,Deal of the Week,1600,1200,400,Butterfly sling,Nairobi Town
Tier 1,October,Pioneer,KTDA,Deal of the Week,2600,2200,400,Pioneer backpack,Nairobi Town
Tier 1,October,Big Man Bag,KTDA,Deal of the Week,2100,1700,400,Big man bag,Nairobi Town
Tier 1,October,Claire Handbag,KTDA,Deal of the Week,3000,2600,400,Claire handbag,Nairobi Town
Tier 1,October,Trecento,KTDA,Deal of the Week,2100,1700,400,Trecento,Nairobi Town
Tier 1,October,Gym Bag,KTDA,Deal of the Week,2600,2200,400,Gym bag,Nairobi Town
Tier 1,October,Butterfly Sling,KTDA,Deal of the Week,1600,1200,400,Butterfly sling,Nairobi Town
Tier 1,October,Pioneer,Website,Deal of the Week,2600,2200,400,Pioneer backpack,Website
Tier 1,October,Neo Man,Website,Deal of the Week,1600,1200,400,Neo man bag,Website
Tier 1,October,Aria Sling,Website,Deal of the Week,1600,1200,400,Aria sling,Website
Tier 1,October,Aurora,Website,Deal of the Week,2100,1700,400,Aurora handbag,Website
Tier 1,October,Fabela,Website,Deal of the Week,2400,2000,400,Fabela travel,Website
Tier 1,October,Brief Case,Website,Deal of the Week,2800,2400,400,Briefcase,Website
Tier 1,October,Oval Handbag,Kakamega,Deal of the Week,1600,1200,400,Oval handbag,Kakamega
Tier 1,October,Big Man Bag,Kakamega,Deal of the Week,2100,1700,400,Big man bag,Kakamega
Tier 1,October,College HB,Kakamega,Deal of the Week,2600,2200,400,College handbag,Kakamega
Tier 1,October,Fabela,Kakamega,Deal of the Week,2400,2000,400,Fabela travel,Kakamega
Tier 1,October,Neo Man,Kakamega,Deal of the Week,1600,1200,400,Neo man bag,Kakamega
Tier 1,October,Belt Bag,Kakamega,Deal of the Week,1400,1000,400,Belt bag,Kakamega
Tier 1,October,Reo Travel,Eldoret,Deal of the Week,2800,2400,400,Reo travel,Eldoret
Tier 1,October,Big Man Bag,Eldoret,Deal of the Week,2100,1700,400,Big man bag,Eldoret
Tier 1,October,Lola,Eldoret,Deal of the Week,2100,1800,300,Lola handbag,Eldoret
Tier 1,October,Fabela,Eldoret,Deal of the Week,2400,2000,400,Fabela travel,Eldoret
Tier 1,October,Kate,Eldoret,Deal of the Week,1600,1200,400,Kate sling,Eldoret
Tier 1,October,Pioneer,Eldoret,Deal of the Week,2600,2200,400,Pioneer backpack,Eldoret
Tier 1,October,Kate,Mombasa,Deal of the Week,1600,1200,400,Kate sling,Mombasa
Tier 1,October,Big Man Bag,Mombasa,Deal of the Week,2100,1700,400,Big man bag,Mombasa
Tier 1,October,Lola,Mombasa,Deal of the Week,2100,1800,300,Lola handbag,Mombasa
Tier 1,October,Fabela,Mombasa,Deal of the Week,2400,2000,400,Fabela travel,Mombasa
Tier 1,October,School Bag,Mombasa,Deal of the Week,2100,1700,400,School bag,Mombasa
Tier 1,October,Remi,Mombasa,Deal of the Week,2700,2300,400,Remi backpack,Mombasa
Tier 1,October,Belt Bag,Rongai,Deal of the Week,1400,1000,400,Belt bag,Rongai
Tier 1,October,Mini Umbra,Rongai,Deal of the Week,1600,1200,400,Mini umbra,Rongai
Tier 1,October,Claire Handbag,Rongai,Deal of the Week,3000,2600,400,Claire handbag,Rongai
Tier 1,October,Karina,Rongai,Deal of the Week,2500,2100,400,Karina handbag,Rongai
Tier 1,October,Fabela,Rongai,Deal of the Week,2400,2000,400,Fabela travel,Rongai
Tier 1,October,School Bag,Rongai,Deal of the Week,2100,1700,400,School bag,Rongai
Tier 1,October,Kate,Thika,Deal of the Week,1600,1200,400,Kate sling,Thika
Tier 1,October,Oval Handbag,Thika,Deal of the Week,1600,1200,400,Oval handbag,Thika
Tier 1,October,Fayola,Thika,Deal of the Week,2100,1700,400,Fayola messenger,Thika
Tier 1,October,Fabela,Thika,Deal of the Week,2400,2000,400,Fabela travel,Thika
Tier 1,October,Big Man Bag,Thika,Deal of the Week,2100,1700,400,Big man bag,Thika
Tier 1,October,Kai,Thika,Deal of the Week,2800,2400,400,Kai backpack,Thika
Tier 1,October,Neo Man,Meru,Deal of the Week,1600,1200,400,Neo man bag,Meru
Tier 1,October,Belt Bag,Meru,Deal of the Week,1400,1000,400,Belt bag,Meru
Tier 1,October,Mini Zuri,Meru,Deal of the Week,2600,2200,400,Mini zuri,Meru
Tier 1,October,Fabela,Meru,Deal of the Week,2400,2000,400,Fabela travel,Meru
Tier 1,October,Big Man Bag,Meru,Deal of the Week,2100,1700,400,Big man bag,Meru
Tier 1,October,Kai,Meru,Deal of the Week,2800,2400,400,Kai backpack,Meru
Tier 1,October,Reo Travel,Nakuru,Deal of the Week,2800,2400,400,Reo travel,Nakuru
Tier 1,October,Kate,Nakuru,Deal of the Week,1600,1200,400,Kate sling,Nakuru
Tier 1,October,Liam,Nakuru,Deal of the Week,2100,1700,400,Liam travel,Nakuru
Tier 1,October,Double Press,Nakuru,Deal of the Week,2600,2200,400,Doublepress backpack,Nakuru
Tier 1,October,Neo Man,Nakuru,Deal of the Week,1600,1200,400,Neo man bag,Nakuru
Tier 1,October,Oval Handbag,Nakuru,Deal of the Week,1600,1200,400,Oval handbag,Nakuru
Tier 1,October,Pioneer,Nanyuki,Deal of the Week,2600,2200,400,Pioneer backpack,Nanyuki
Tier 1,October,Big Man Bag,Nanyuki,Deal of the Week,2100,1700,400,Big man bag,Nanyuki
Tier 1,October,Lola,Nanyuki,Deal of the Week,2100,1800,300,Lola handbag,Nanyuki
Tier 1,October,Fabela,Nanyuki,Deal of the Week,2400,2000,400,Fabela travel,Nanyuki
Tier 1,October,Belt Bag,Nanyuki,Deal of the Week,1400,1000,400,Belt bag,Nanyuki
Tier 1,October,Kate,Nanyuki,Deal of the Week,1600,1200,400,Kate sling,Nanyuki
Tier 1,October,Belt Bag,Kisumu,Deal of the Week,1400,1000,400,Belt bag,Kisumu
Tier 1,October,Mega,Kisumu,Deal of the Week,3000,2600,400,Mega backpack,Kisumu
Tier 1,October,Fayola,Kisumu,Deal of the Week,2100,1700,400,Fayola messenger,Kisumu
Tier 1,October,Liam,Kisumu,Deal of the Week,2100,1700,400,Liam travel,Kisumu
Tier 1,October,Trecento,Kisumu,Deal of the Week,2100,1700,400,Trecento,Kisumu
Tier 1,October,Amaya,Kisumu,Deal of the Week,3500,3100,400,Amaya handbag,Kisumu
All,October,Antitheft,All,Power Deals,2600,2200,400,Antitheft,Power Deals list
All,October,Aria Sling,All,Power Deals,1600,1200,400,Aria Sling,Power Deals list
All,October,Aurora,All,Power Deals,2100,1700,400,Aurora,Power Deals list
All,October,Bonita,All,Power Deals,3900,3000,900,Bonita,Power Deals list
All,October,Code 3,All,Power Deals,2100,1800,300,Code 3,Power Deals list
All,October,Jumbo,All,Power Deals,3600,2800,800,Jumbo,Power Deals list
All,October,Moon Bag,All,Power Deals,1600,1200,400,Moon Bag,Power Deals list
All,October,Nizana,All,Power Deals,1600,1200,400,Nizana,Power Deals list
All,October,Prime,All,Power Deals,2800,2400,400,Prime,Power Deals list
All,October,Standard Travel,All,Power Deals,2600,2200,400,Standard,Power Deals list
