BAG TYPE,COLOUR,QTY
ACE,BLACK TT,3
ACE,CRACKED,3
ACE,SPICE,2
ACE,GREY,3
ALPHA TRAVEL,GREY,5
AMAYA,SPICE,4
AMAYA,CRACKED,3
AMAYA,GREY,2
AMAYA,DARK BROWN,2
ANTITHEFT,BLACK,15
ANTITHEFT,BROWN,9
ANTITHEFT,NUDE,7
ANTITHEFT,GREY,10
ANTITHEFT,GREEN,9
ARIA PRO,CRACKED,3
ARIA PRO,SPICE,2
ARIA PRO,GREY,3
ARIA SLING,BLACK,5
ARIA SLING,CRACKED,3
ARIA SLING,GREY,4
ARIA SLING,DARK BROWN,10
AURORA,SPICE,3
AURORA,BLACK,10
AURORA,BEIGE,7
AURORA,CRACKED,8
AURORA,GREY,3
AURORA,RED,2
AVANA HB,DARK BROWN,5
AVANA HB,BLACK,3
AVANA HB,CRACKED,1
AVANA HB,GREY,1
AVANA HB,RED,2
BABY BAG,BROWN,3
BABY BAG,GREEN,2
BELT BAG,BLACK,7
BELT BAG,CRACKED,5
BELT BAG,SPICE,2
BELT BAG,GREY,3
BELT BAG,DARK BROWN,5
BIG MAN BAG,BLACK,11
BIG MAN BAG,GREY,7
BIG MAN BAG,NUDE,2
BRIEF CASE,BLACK,2
BUTTERFLY SLING,CRACKED,3
BUTTERFLY SLING,SPICE,3
BUTTERFLY SLING,GREY,4
BUTTERFLY SLING,BLACK,5
CAIRO BP,SPICE,2
CAIRO BP,GREY,2
CAIRO BP,DARK BROWN,2
CAIRO BP,CHOCOLATE,2
CATHY HANDBAG,BLACK,7
CATHY HANDBAG,SPICE,5
CATHY HANDBAG,CRACKED,5
CATHY HANDBAG,GREY,2
CLAIRE HANDBAG,BLACK,2
CODE 3,NUDE,6
CODE 3,BROWN,15
CODE 3,BLACK,20
CODE 3,GREY,18
CODE 3,GREEN,10
CODE 9,BLACK,3
COLLEGE HB,BROWN,1
COLLEGE HB,GREY,3
COSMO,BROWN,2
COSMO,GREEN,2
COSMO,BLACK,3
COSMO,GREY,2
DON,BLACK,4
DON,GREEN,1
DOUBLE PRESS,GREY,5
DOUBLE PRESS,GREEN,3
DOUBLE PRESS,BROWN,5
DOUBLE PRESS,BLACK,5
ELYSE,GREY,2
ELYSE,SPICE,1
ELYSE,BLACK,7
FABELA,BLACK,10
FABELA,BROWN,10
FABELA,GREY,6
FABELA,GREEN,6
FANNY PACK,BLACK,5
FAYOLA,BLACK,2
FAYOLA,GREY,2
FAYOLA,GREEN,3
FEROZ,CRACKED,1
FEROZ,CHOCO,1
GIFT BAG,A3,7
GIFT BAG,A4,3
GIFT BAG,A5,3
GYM BAG,BROWN,3
GYM BAG,GREEN,4
GYM BAG,BLACK,5
GYM BAG,GREY,3
JADE,BLACK,2
JADE,GREY,3
JAMELA,SPICE,3
JAMELA,BLACK,2
JAYDEN MAN,BLACK,3
JAYDEN MAN,BROWN,3
JAYDEN MAN,GREY,3
JUMBO,BLACK,30
JUMBO,BROWN,20
JUMBO,GREEN,20
JUMBO,GREY,20
JUMBO,NUDE,10
KAI,BLACK,11
KAI,GREY,2
KAI,BROWN,5
KAI,GREEN,3
KARINA,GREY,3
KARINA,SPICE,2
KARINA,CRACKED,3
KARINA,BLACK,4
KATE,BLACK,4
KATE,SPICE,3
KATE,GREY,8
KATE,CRACKED,6
KATE,RED,3
KATE,BEIGE,5
KAZ,BROWN,2
KAZ,GREEN,2
LIAM,BLACK,5
LIAM,BROWN,5
LIAM,GREEN,5
LIAM,GREY,6
LOLA,GREY,4
LOLA,BLACK,10
LOLA,SPICE,2
LOLA,BEIGE,1
LUNA,BLACK,5
LUNA,BROWN,1
LUNCHSET,GREEN,2
LUNCHSET,GREY,1
MAN BAG,BLACK,24
MAN BAG,BROWN,21
MAN BAG,NUDE,5
MAN BAG,GREY,11
MAN BAG,GREEN,13
MANDY HB,DARK BROWN,2
MAYA,LILAC,2
MEGA,BLACK,6
MEGA,BROWN,4
MEGA,GREY,5
MEGA,GREEN,5
MINI MANBAG,BLACK,3
MINI MANBAG,SPICE,3
MINI SCHOOL,GREY,3
MINI UMBRA,BLACK,4
MINI UMBRA,GREY,7
MINI UMBRA,CRACKED,5
MINI ZURI,GREY,2
MINI ZURI,BLACK,2
MINI ZURI,SPICE,2
MINI ZURI,CRACKED,4
MINI ZURI,DARK BROWN,2
MOON BAG,SPICE,3
MOON BAG,GREY,7
MOON BAG,CRACKED,5
MOON BAG,BLACK,10
MOON BAG,BEIGE,3
MOON BAG,CHOCOLATE BROWN,3
MOON BAG,DARK BROWN,5
NEO MAN,BLACK,8
NEO MAN,GREY,6
NEO MAN,BROWN,6
NIZANA,BLACK,10
NIZANA,CRACKED,8
NIZANA,SPICE,2
NIZANA,GREY,8
NIZANA,BEIGE,3
OVAL HANDBAG,BROWN,3
OVAL HANDBAG,GREY,3
OVAL HANDBAG,BLACK,3
PIONEER,BLACK,2
PIONEER,BROWN,3
PIONEER,GREY,2
PRIME,BLACK,6
PRIME,BROWN,5
PRIME,GREY,5
PRIME,GREEN,5
REMI,SPICE,9
REMI,BLACK,3
REMI,BEIGE,2
REMI,CRACKED,2
REMI,GREY,5
REO TRAVEL,BLACK,12
REO TRAVEL,BROWN,12
REO TRAVEL,GREY,5
REO TRAVEL,GREEN,2
SAFIRI BP,GREY,5
SAFIRI TRAVEL,BROWN,5
SAFIRI TRAVEL,BLACK,9
SAFIRI TRAVEL,GREY,5
SAFIRI TRAVEL,GREEN,5
SARAI,BLACK,10
SARAI,GREEN,7
SARAI,GREY,4
SARAI,BROWN,8
SCHOOL BAG,BLACK,8
SCHOOL BAG,BROWN,4
SCOOBY,SPICE,3
SCOOBY,GREY,3
SIERRA HANDBAG,WOOVEN BLACK,2
SIERRA HANDBAG,WOOVEN BROWN,2
TRAVEL,GREY,25
TRAVEL,BROWN,19
TRAVEL,BLACK,18
TRAVEL,GREEN,10
TRECENTO,SPICE,3
TRECENTO,GREY,6
TRECENTO,CRACKED,4
TRECENTO,BLACK,11
TRECENTO,RED,3
TRECENTO,DARK BROWN,7
TRECENTO,BEIGE,3
TYLER,BROWN,3
TYLER,GREEN,2
UMBRA,BLACK,2
WASHBAG,BLACK,3
WASHBAG,BROWN,3
ZANE MAN,BLACK,10
ZANE MAN,CRACKED,2
ZANE MAN,SPICE,3
ZANE MAN,GREY,5
ZANE MAN,CHOCOLATE,4
ZANE MAN,DARK BROWN,3
ZIPPED LUNCHSET,BROWN,2
ZIPPED LUNCHSET,BLACK,2
ZOEZI,BROWN,3
ZOEZI,GREEN,2
ZURI,BLACK,5
ZURI,CRACKED,6
ZURI,SPICE,6
ZURI,GREY,5
ZURI,DARK BROWN,3
