Month,Market,Type,Name,Bags,Was,Now,Disc,Currency,Was KSH,Now KSH
October,Sinza,Single,ARIA SLING,ARIA SLING,42500,32500,10000,TSh,1700,1300
October,Sinza,Single,BIGMAN,BIG MAN BAG,55000,45000,10000,TSh,2200,1800
October,Sinza,Single,BONITA,BONITA,100000,85000,15000,TSh,4000,3400
October,Sinza,Single,CAIRO,CAIRO BP,52500,42500,10000,TSh,2100,1700
October,Sinza,Single,CODE 3,CODE 3,55000,45000,10000,TSh,2200,1800
October,Sinza,Single,ELYSE,ELYSE,80000,70000,10000,TSh,3200,2800
October,Sinza,Single,MANDY,MANDY HB,40000,30000,10000,TSh,1600,1200
October,Sinza,Single,SLEEVE,*SLEEVE,42500,20000,22500,TSh,1700,800
October,Sinza,Single,TRECENTO,TRECENTO,55000,45000,10000,TSh,2200,1800
October,Sinza,Single,ZANE,ZANE MAN,42500,32500,10000,TSh,1700,1300
October,Sinza,Combo,BONITA + JADE,BONITA + JADE,180000,128000,52000,TSh,7200,5599
October,Sinza,Combo,CESS + TRECENTO,CESS + TRECENTO,145000,100000,45000,TSh,5800,4299
October,Sinza,Combo,FABELA + PIONEER + MAN BAG,FABELA + PIONEER + MAN BAG,172500,133000,39500,TSh,6900,5799
October,Sinza,Combo,Fabela+zane,FABELA + ZANE MAN,105000,80000,25000,TSh,4200,3499
October,Sinza,Combo,GYMBAG + ARI SLING,GYM BAG + ARIA SLING,110000,82000,28000,TSh,4400,3599
October,Sinza,Combo,LIAM + CAIRO,LIAM + CAIRO BP,107500,80000,27500,TSh,4300,3499
October,Sinza,Combo,LOLA + AVANA + MINI UMBRA,LOLA + AVANA HB + MINI UMBRA,152500,115000,37500,TSh,6100,4999
October,Sinza,Combo,MINIZURI + NIZANA,MINI ZURI + NIZANA,110000,73000,37000,TSh,4400,3199
October,Sinza,Combo,SAFIRI + CODE 3,SAFIRI TRAVEL/SAFIRI BP + CODE 3,147500,120000,27500,TSh,5900,5399
October,Sinza,Combo,STANDARD + ANTITHEFT,TRAVEL + ANTITHEFT,135000,100000,35000,TSh,5400,4599
October,Uganda,Single,Kai backpack,KAI,101500,76500,25000,USh,,2186
October,Uganda,Single,Luna manbag,LUNA,59500,42500,17000,USh,,1214
October,Uganda,Single,Mini umbra chest bag,MINI UMBRA,59500,42500,17000,USh,,1214
October,Uganda,Single,Mini Zuri,MINI ZURI,94500,69500,25000,USh,,1986
October,Uganda,Single,Sky handbag,SKYE HB,73500,52500,21000,USh,,1500
October,Uganda,Combo,Amaya handbag + Mistque briefcase,AMAYA + MYSTIQUE,227500,172500,55000,USh,,4929
October,Uganda,Combo,Double press backpack + Zeno travel bag,DOUBLE PRESS + ZENO,154000,110000,44000,USh,,3143
October,Uganda,Combo,Elyse hb + belt bag/nizana slingbag,ELYSE + BELT BAG/NIZANA,171500,122500,49000,USh,,3500
October,Uganda,Combo,Jumbo travel +Antitheft + Manbag,JUMBO + ANTITHEFT + MAN BAG,283500,210500,73000,USh,,6015
October,Uganda,Combo,Sarai travel bag + code 3 backpack,SARAI + CODE 3,224000,170000,54000,USh,,4857
