Bag,Launch (first sale),Days available,Jul sold,Aug sold,Sep sold,Period sold,Full-period equivalent,Share %,Target (units),Sheet target (col C)
JUMBO,,92,1315,1341,1016,3672,3672,7.26,2035,2421
ANTITHEFT,,92,1252,1043,1335,3630,3630,7.18,2012,1333
CODE 3,,92,818,1187,809,2814,2814,5.57,1559,1667
MAN BAG,,92,939,628,1125,2692,2692,5.33,1492,1723
FABELA,,92,593,650,477,1720,1720,3.4,953,722
TRAVEL,,92,407,620,592,1619,1619,3.2,897,1084
PRIME,,92,375,581,356,1312,1312,2.6,727,667
BIG MAN BAG,,92,459,338,460,1257,1257,2.49,697,500
NIZANA,,92,494,326,381,1201,1201,2.38,666,444
MINI MAYA,,92,189,387,577,1153,1153,2.28,639,278
MEGA,,92,393,414,327,1134,1134,2.24,628,444
REO TRAVEL,,92,350,417,258,1025,1025,2.03,568,444
SAFIRI TRAVEL,,92,322,318,372,1012,1012,2.0,561,645
MOON BAG,,92,321,321,342,984,984,1.95,545,619
MINI UMBRA,,92,301,279,326,906,906,1.79,502,411
KAI,,92,210,394,294,898,898,1.78,498,587
LOLA,,92,273,296,291,860,860,1.7,477,722
SARAI,,92,258,301,240,799,799,1.58,443,389
ARIA SLING,,92,328,203,267,798,798,1.58,442,343
REMI,,92,255,336,162,753,753,1.49,417,389
AMAYA,,92,246,243,202,691,691,1.37,383,333
ELYSE,,92,246,182,243,671,671,1.33,372,402
ZANE MAN,,92,315,183,159,657,657,1.3,364,444
LIAM,,92,198,253,197,648,648,1.28,359,414
KATE,,92,209,222,212,643,643,1.27,356,333
CATHY HANDBAG,,92,174,222,201,597,597,1.18,331,270
SCHOOL BAG,,92,115,335,145,595,595,1.18,330,333
PIONEER,,92,241,204,140,585,585,1.16,324,278
GYM BAG,,92,173,216,190,579,579,1.15,321,283
MONAH BP,,92,259,208,97,564,564,1.12,313,233
NEO MAN,,92,161,168,153,482,482,0.95,267,222
CLAIRE HANDBAG,,92,240,125,111,476,476,0.94,264,148
LOOP BP,,92,189,116,167,472,472,0.93,262,222
BELT BAG,,92,156,148,164,468,468,0.93,259,407
AURORA,,92,176,137,147,460,460,0.91,255,300
BONITA,,92,154,173,116,443,443,0.88,245,167
AVANA HB,,92,141,156,143,440,440,0.87,244,158
MINI ZURI,,92,147,170,119,436,436,0.86,242,327
OVAL HANDBAG,,92,141,185,107,433,433,0.86,240,333
TRECENTO,,92,154,104,161,419,419,0.83,232,194
JAMELA,,92,122,110,175,407,407,0.81,226,309
FAYOLA,,92,151,140,102,393,393,0.78,218,144
COSMO,,92,105,158,94,357,357,0.71,198,153
LUNA,,92,104,169,81,354,354,0.7,196,309
ZULA,,92,100,119,117,336,336,0.66,186,222
SIERRA HANDBAG,,92,113,97,96,306,306,0.61,170,222
BRIEF CASE,,92,94,108,99,301,301,0.6,167,111
DOUBLE PRESS,,92,85,89,121,295,295,0.58,163,332
LAMORA,,92,125,85,75,285,285,0.56,158,111
CAIRO BP,,92,47,75,156,278,278,0.55,154,123
ACE,,92,95,108,70,273,273,0.54,151,222
JADE,,92,81,101,82,264,264,0.52,146,111
BABY BAG,,92,82,73,84,239,239,0.47,132,135
ZIPPED LUNCHSET,,92,76,81,65,222,222,0.44,123,174
WASHBAG,,92,91,55,43,189,189,0.37,105,67
TYLER,,92,67,59,56,182,182,0.36,101,167
LEGACY,,92,48,60,69,177,177,0.35,98,111
LEILA,,92,41,62,66,169,169,0.33,94,78
SCOOBY,,92,62,59,48,169,169,0.33,94,68
COLLEGE HB,,92,59,61,47,167,167,0.33,93,84
FEROZ,,92,59,46,61,166,166,0.33,92,44
LUNCHSET,,92,54,61,48,163,163,0.32,90,73
BUTTERFLY SLING,,92,54,64,42,160,160,0.32,89,167
DON,,92,55,67,39,161,161,0.32,89,78
KAZ,,92,63,45,53,161,161,0.32,89,53
KARINA,,92,51,59,46,156,156,0.31,86,192
TAJI,,92,46,46,63,155,155,0.31,86,111
ARIA PRO,,92,42,60,51,153,153,0.3,85,56
ALPHA TRAVEL,,92,53,32,53,138,138,0.27,76,56
FANNY PACK,,92,65,45,21,131,131,0.26,73,56
POCKET TRAVEL,,92,66,52,13,131,131,0.26,73,111
LAFEMME,2026-09-25,14,0,0,19,19,125,0.25,69,0
SPARK,,92,47,38,32,117,117,0.23,65,111
LAPTOP SLEEVE,,90,0,3,108,111,113,0.22,63,
MINI SCHOOL,,92,40,44,29,113,113,0.22,63,62
TRAVOLTA,,92,41,40,24,105,105,0.21,58,56
ZOEZI,,92,36,36,33,105,105,0.21,58,132
NALA,,92,44,32,22,98,98,0.19,54,33
ZELUS,,92,40,34,22,96,96,0.19,53,39
LANKA,,92,35,28,31,94,94,0.19,52,56
MINI MANBAG,,92,46,26,22,94,94,0.19,52,30
ZENO,,92,49,24,20,93,93,0.18,52,28
ZURI,,92,27,30,26,83,83,0.16,46,
UMBRA,,92,31,15,31,77,77,0.15,43,22
ESMERALDA,,92,5,32,38,75,75,0.15,42,56
CESS,,92,25,18,26,69,69,0.14,38,11
BELLO,,92,23,17,22,62,62,0.12,34,17
CODE 9,,92,29,16,17,62,62,0.12,34,39
SATCHEL,,92,25,26,7,58,58,0.11,32,23
MODERN TRAVEL,,14,8,0,0,8,53,0.1,29,0
JAYDEN MAN,,92,31,8,11,50,50,0.1,28,105
MANDY HB,,92,19,17,13,49,49,0.1,27,33
ARLO MAN BAG,,92,5,14,26,45,45,0.09,25,11
NOVA,,92,22,11,4,37,37,0.07,20,0
WANDER LUXE,,92,9,19,8,36,36,0.07,20,22
ARM BAND,,92,7,13,14,34,34,0.07,19,0
NYLA BP,,84,9,7,15,31,34,0.07,19,11
IMANI,,92,6,10,16,32,32,0.06,18,11
ANKARA TRAVEL,,92,13,11,6,30,30,0.06,17,0
KAYLA,,92,10,14,5,29,29,0.06,16,0
CALLISTA,,14,1,1,2,4,26,0.05,15,0
SKYE HB,,92,13,12,3,28,28,0.06,15,0
SLEEVE 1,,21,0,6,0,6,26,0.05,15,0
ELEKTRA,,61,6,5,6,17,26,0.05,14,0
DARIA,,87,4,10,9,23,24,0.05,13,0
SAFIRI BP,,92,7,11,6,24,24,0.05,13,17
MARLEY,,92,12,5,5,22,22,0.04,12,0
CLEO,,23,3,1,1,5,20,0.04,11,0
VOYAGE,,92,12,6,1,19,19,0.04,10,11
ADRIAN,,92,5,6,6,17,17,0.03,9,11
MAYA,,92,3,5,8,16,16,0.03,9,0
LADONA,,92,1,9,5,15,15,0.03,8,0
LOTUS,,64,4,4,2,10,14,0.03,8,0
MYSTIQUE,,92,3,9,0,12,12,0.02,7,0
LUCA,,58,3,3,1,7,11,0.02,6,0
AMORA,,92,1,4,4,9,9,0.02,5,0
CODE 4 ANKARA,,85,5,4,0,9,10,0.02,5,0
MONTANA,,92,1,5,3,9,9,0.02,5,0
VANITY,,92,2,3,4,9,9,0.02,5,0
ATLAS,,92,4,3,0,7,7,0.01,4,11
CELINE SLING BAG,,92,3,3,2,8,8,0.02,4,0
CHASE,,92,3,3,2,8,8,0.02,4,0
DIAPER BAG,,68,1,1,4,6,8,0.02,4,0
KAOS,,14,0,1,0,1,7,0.01,4,0
LUNA AMAPIANO,,14,1,0,0,1,7,0.01,4,0
POH HAIRISTIC,,92,3,3,1,7,7,0.01,4,0
SHUGLI BACKPACK,,14,1,0,0,1,7,0.01,4,0
SPLASH BACKPACK,,92,0,2,5,7,7,0.01,4,0
TRIO MIO,,14,1,0,0,1,7,0.01,4,0
TWAIN TRAVEL,,14,0,1,0,1,7,0.01,4,0
NINA,,67,3,0,1,4,5,0.01,3,0
CHARLOTTE,,92,2,1,0,3,3,0.01,2,0
HOOD,,49,2,0,0,2,4,0.01,2,0
LITE,,92,2,0,2,4,4,0.01,2,0
SATIS,,33,1,0,0,1,3,0.01,2,0
SLEEVE 2,,92,0,3,1,4,4,0.01,2,0
AMARI,,92,1,1,0,2,2,0.0,1,0
REESTO CHEST,,92,1,0,0,1,1,0.0,1,0
SCARLET,,73,0,0,1,1,1,0.0,1,0
