COLOUR,CATEGORY,PRODUCT NAME,BAG TYPE
Brown,SLING,ACE CROC BROWN,ACE
Red,SLING,ACE RED,ACE
Beige,SLING,ACE BEIGE,ACE
Black,SLING,ACE BLACK TT,ACE
Brown,SLING,ACE CRACKED,ACE
Brown,SLING,ACE SPICE,ACE
Brown,SLING,ACE CHOCOLATE,ACE
Grey,SLING,ACE GREY,ACE
Brown,SLING,ACE DARK BROWN,ACE
Red,SLING,ACE RED PATTERN,ACE
Brown,SLING,ACE MUSTARD,ACE
Pink,SLING,ACE CROC PINK,ACE
Orange,SLING,ACE CROC ORANGE,ACE
Brown,SLING,ACE CROC MUSTARD,ACE
Blue,SLING,ACE BLUE,ACE
Pink,SLING,ACE PINK,ACE
Brown,SLING,ACE BROWN,ACE
Pink,SLING,ACE LILAC,ACE
Green,SLING,ACE MINT GREEN,ACE
Green,SLING,ACE GREEN,ACE
Black,SLING,ACE CROC BLACK,ACE
Black,BACKPACK,ADRIAN BLACK,ADRIAN
Brown,BACKPACK,ADRIAN YELLOW DOTTED,ADRIAN
Green,BACKPACK,ADRIAN GREEN,ADRIAN
Grey,BACKPACK,ADRIAN GREY,ADRIAN
Beige,BACKPACK,ADRIAN NUDE,ADRIAN
Brown,BACKPACK,ADRIAN BROWN,ADRIAN
Black,TRAVEL,ALPHA TRAVEL BLACK,ALPHA TRAVEL
Brown,TRAVEL,ALPHA TRAVEL BROWN,ALPHA TRAVEL
Beige,TRAVEL,ALPHA TRAVEL NUDE,ALPHA TRAVEL
Grey,TRAVEL,ALPHA TRAVEL GREY,ALPHA TRAVEL
Brown,TRAVEL,ALPHA TRAVEL YELLOW DOTTED,ALPHA TRAVEL
Green,TRAVEL,ALPHA TRAVEL GREEN,ALPHA TRAVEL
Black,BRIEFCASE,AMARI BLACK/CRACKED,AMARI
Black,BRIEFCASE,AMARI BLACK,AMARI
Black,BRIEFCASE,AMARI BLACK/BEIGE,AMARI
Black,BRIEFCASE,AMARI BLACK/GREY,AMARI
Black,BRIEFCASE,AMARI BLACK/D.BROWN,AMARI
Black,BRIEFCASE,AMARI BLACK/SPICE,AMARI
Black,BRIEFCASE,AMARI BLACK/RED,AMARI
Black,BRIEFCASE,AMARI BLACK/CHOCO,AMARI
Black,HANDBAG,AMAYA BLACK TT,AMAYA
Brown,HANDBAG,AMAYA SPICE,AMAYA
Brown,HANDBAG,AMAYA CRACKED,AMAYA
Grey,HANDBAG,AMAYA GREY,AMAYA
Beige,HANDBAG,AMAYA BEIGE,AMAYA
Brown,HANDBAG,AMAYA CHOCO,AMAYA
Brown,HANDBAG,AMAYA DARK BROWN,AMAYA
Red,HANDBAG,AMAYA RED,AMAYA
Black,HANDBAG,AMAYA CROC BLACK,AMAYA
Black,HANDBAG,AMAYA WOOVEN BLACK,AMAYA
Red,HANDBAG,AMAYA WOOVEN MAROON,AMAYA
Brown,HANDBAG,AMAYA WOOVEN MUSTARD,AMAYA
Purple,HANDBAG,AMAYA WOOVEN PURPLE,AMAYA
Green,HANDBAG,AMAYA GREEN,AMAYA
Pink,HANDBAG,AMAYA LILAC,AMAYA
Brown,HANDBAG,AMAYA MUSTARD,AMAYA
Black,SLING,AMORA BLACK,AMORA
Red,SLING,AMORA RED,AMORA
Pink,SLING,AMORA PINK,AMORA
Blue,SLING,AMORA BLUE,AMORA
Green,SLING,AMORA GREEN,AMORA
Brown,SLING,AMORA MUSTARD,AMORA
Red,SLING,AMORA MAROON,AMORA
Purple,SLING,AMORA PURPLE,AMORA
Brown,SLING,ANA CROC MUSTARD,ANA
Orange,SLING,ANA CROC ORANGE,ANA
Brown,SLING,ANA CROC BROWN,ANA
Pink,SLING,ANA CROC PINK,ANA
Pink,SLING,ANA LILAC,ANA
Pink,SLING,ANA PINK,ANA
Brown,SLING,ANA MUSTARD,ANA
Brown,SLING,ANA BROWN,ANA
Green,SLING,ANA GREEN,ANA
Red,SLING,ANA RED P,ANA
Black,SLING,ANA BLACK,ANA
Black,TRAVEL,ANKARA TRAVEL BLACK,ANKARA TRAVEL
,TRAVEL,ANKARA TRAVEL WHITE,ANKARA TRAVEL
Grey,TRAVEL,ANKARA TRAVEL GREY,ANKARA TRAVEL
Beige,TRAVEL,ANKARA TRAVEL NUDE,ANKARA TRAVEL
Brown,TRAVEL,ANKARA TRAVEL BROWN,ANKARA TRAVEL
Black,BACKPACK,ANTITHEFT BLACK,ANTITHEFT
Brown,BACKPACK,ANTITHEFT BROWN,ANTITHEFT
Beige,BACKPACK,ANTITHEFT NUDE,ANTITHEFT
Grey,BACKPACK,ANTITHEFT GREY,ANTITHEFT
Brown,BACKPACK,ANTITHEFT ANTELOPE BROWN,ANTITHEFT
Blue,BACKPACK,ANTITHEFT DENIM BLUE,ANTITHEFT
Brown,BACKPACK,ANTITHEFT YELLOW DOTTED,ANTITHEFT
Red,BACKPACK,ANTITHEFT CRIMSON,ANTITHEFT
Green,BACKPACK,ANTITHEFT GREEN,ANTITHEFT
Black,BACKPACK,ANTITHEFT CN BLACK,ANTITHEFT
Red,SLING,ARIA PRO RED,ARIA PRO
Beige,SLING,ARIA PRO BEIGE,ARIA PRO
Black,SLING,ARIA PRO BLACK,ARIA PRO
Brown,SLING,ARIA PRO CRACKED,ARIA PRO
Brown,SLING,ARIA PRO SPICE,ARIA PRO
Brown,SLING,ARIA PRO CHOCOLATE,ARIA PRO
Brown,SLING,ARIA PRO YELLOW BROWN,ARIA PRO
Red,SLING,ARIA PRO MAROON,ARIA PRO
Brown,SLING,ARIA PRO AMBER,ARIA PRO
Grey,SLING,ARIA PRO GREY,ARIA PRO
Brown,SLING,ARIA PRO DARK BROWN,ARIA PRO
Red,SLING,ARIA SLING RED,ARIA SLING
Beige,SLING,ARIA SLING BEIGE,ARIA SLING
Black,SLING,ARIA SLING BLACK,ARIA SLING
Brown,SLING,ARIA SLING CRACKED,ARIA SLING
Brown,SLING,ARIA SLING SPICE,ARIA SLING
Brown,SLING,ARIA SLING CHOCOLATE,ARIA SLING
Brown,SLING,ARIA SLING YELLOW BROWN,ARIA SLING
Red,SLING,ARIA SLING MAROON,ARIA SLING
Pink,SLING,ARIA SLING CROC PINK,ARIA SLING
Grey,SLING,ARIA SLING GREY,ARIA SLING
Brown,SLING,ARIA SLING DARK BROWN,ARIA SLING
Red,MAN BAG,ARLO MAN BAG RED,ARLO MAN BAG
Beige,MAN BAG,ARLO MAN BAG BEIGE,ARLO MAN BAG
Black,MAN BAG,ARLO MAN BAG BLACK,ARLO MAN BAG
Brown,MAN BAG,ARLO MAN BAG CRACKED,ARLO MAN BAG
Brown,MAN BAG,ARLO MAN BAG SPICE,ARLO MAN BAG
Brown,MAN BAG,ARLO MAN BAG CHOCOLATE,ARLO MAN BAG
Brown,MAN BAG,ARLO MAN BAG YELLOW BROWN,ARLO MAN BAG
Red,MAN BAG,ARLO MAN BAG MAROON,ARLO MAN BAG
Brown,MAN BAG,ARLO MAN BAG AMBER,ARLO MAN BAG
Grey,MAN BAG,ARLO MAN BAG GREY,ARLO MAN BAG
Brown,MAN BAG,ARLO MAN BAG DARK BROWN,ARLO MAN BAG
Brown,SPORT,ARM BAND SPICE,ARM BAND
Brown,SPORT,ARM BAND DARK BROWN,ARM BAND
Black,SPORT,ARM BAND BLACK,ARM BAND
Beige,SPORT,ARM BAND BEIGE,ARM BAND
Brown,SPORT,ARM BAND CRACKED,ARM BAND
Grey,SPORT,ARM BAND GREY,ARM BAND
Red,SPORT,ARM BAND RED,ARM BAND
Brown,SPORT,ARM BAND CHOCOLATE,ARM BAND
Brown,BACKPACK,ATLAS SPICE,ATLAS
Brown,BACKPACK,ATLAS DARK BROWN,ATLAS
Black,BACKPACK,ATLAS BLACK,ATLAS
Beige,BACKPACK,ATLAS BEIGE,ATLAS
Brown,BACKPACK,ATLAS CRACKED,ATLAS
Grey,BACKPACK,ATLAS GREY,ATLAS
Red,BACKPACK,ATLAS RED,ATLAS
Brown,BACKPACK,ATLAS YELLOW BROWN,ATLAS
Brown,BACKPACK,ATLAS CHOCOLATE,ATLAS
Brown,HANDBAG,AURORA SPICE,AURORA
Red,HANDBAG,AURORA RED.PATTERN,AURORA
Brown,HANDBAG,AURORA DARK BROWN,AURORA
Black,HANDBAG,AURORA BLACK,AURORA
Beige,HANDBAG,AURORA BEIGE,AURORA
Brown,HANDBAG,AURORA CRACKED,AURORA
Grey,HANDBAG,AURORA GREY,AURORA
Red,HANDBAG,AURORA RED,AURORA
Red,HANDBAG,AURORA WOOVEN MAROON,AURORA
Black,HANDBAG,AURORA WOOVEN BLACK,AURORA
Brown,HANDBAG,AURORA CHOCOLATE,AURORA
Brown,SLING,AVANA HB SPICE,AVANA HB
Black,SLING,AVANA HB WOOVEN BLACK,AVANA HB
Red,SLING,AVANA HB WOOVEN MAROON,AVANA HB
Brown,SLING,AVANA HB WOOVEN MUSTARD,AVANA HB
Purple,SLING,AVANA HB WOOVEN PURPLE,AVANA HB
Brown,SLING,AVANA HB DARK BROWN,AVANA HB
Black,SLING,AVANA HB BLACK,AVANA HB
Beige,SLING,AVANA HB BEIGE,AVANA HB
Brown,SLING,AVANA HB CRACKED,AVANA HB
Grey,SLING,AVANA HB GREY,AVANA HB
Red,SLING,AVANA HB RED,AVANA HB
Brown,SLING,AVANA HB YELLOW BROWN,AVANA HB
Brown,SLING,AVANA HB AMBER,AVANA HB
Red,SLING,AVANA HB MAROON,AVANA HB
Red,SLING,AVANA HB RED P,AVANA HB
Brown,SLING,AVANA HB CHOCOLATE,AVANA HB
Grey,BABY BAG,BABY BAG GREY,BABY BAG
Black,BABY BAG,BABY BAG BLACK,BABY BAG
Beige,BABY BAG,BABY BAG NUDE,BABY BAG
Brown,BABY BAG,BABY BAG BROWN,BABY BAG
Green,BABY BAG,BABY BAG GREEN,BABY BAG
Red,BABY BAG,BABY BAG RED,BABY BAG
Brown,BACKPACK,BELLO SPICE,BELLO
Brown,BACKPACK,BELLO CRACKED,BELLO
Black,BACKPACK,BELLO BLACK,BELLO
Grey,BACKPACK,BELLO GREY,BELLO
Red,BACKPACK,BELLO RED,BELLO
Brown,BACKPACK,BELLO YELLOW BROWN,BELLO
Brown,BACKPACK,BELLO CHOCOLATE,BELLO
Beige,BACKPACK,BELLO BEIGE,BELLO
Black,WAIST BAG,BELT BAG BLACK,BELT BAG
Red,WAIST BAG,BELT BAG RED,BELT BAG
Brown,WAIST BAG,BELT BAG CRACKED,BELT BAG
Brown,WAIST BAG,BELT BAG SPICE,BELT BAG
Brown,WAIST BAG,BELT BAG YELLOW BROWN,BELT BAG
Beige,WAIST BAG,BELT BAG BEIGE,BELT BAG
Grey,WAIST BAG,BELT BAG GREY,BELT BAG
Brown,WAIST BAG,BELT BAG CHOCOLATE,BELT BAG
Brown,WAIST BAG,BELT BAG DARK BROWN,BELT BAG
Black,MAN BAG,BIG MAN BAG BLACK,BIG MAN BAG
Brown,MAN BAG,BIG MAN BAG BROWN,BIG MAN BAG
Grey,MAN BAG,BIG MAN BAG GREY,BIG MAN BAG
Beige,MAN BAG,BIG MAN BAG NUDE,BIG MAN BAG
Red,MAN BAG,BIG MAN BAG RED,BIG MAN BAG
Green,MAN BAG,BIG MAN BAG GREEN,BIG MAN BAG
Black,CHEST BAG,BLISS BLACK,BLISS
Grey,CHEST BAG,BLISS GREY,BLISS
Black,TRAVEL,BONITA BLACK,BONITA
Brown,TRAVEL,BONITA CRACKED,BONITA
Beige,TRAVEL,BONITA BEIGE,BONITA
Brown,TRAVEL,BONITA SPICE,BONITA
Grey,TRAVEL,BONITA GREY,BONITA
Red,TRAVEL,BONITA RED,BONITA
Brown,TRAVEL,BONITA YELLOW BROWN,BONITA
Brown,TRAVEL,BONITA CHOCO,BONITA
Brown,TRAVEL,BONITA D.BROWN,BONITA
Brown,BRIEFCASE,BRIEF CASE BROWN,BRIEF CASE
Black,BRIEFCASE,BRIEF CASE BLACK,BRIEF CASE
Grey,BRIEFCASE,BRIEF CASE GREY,BRIEF CASE
Beige,BRIEFCASE,BRIEF CASE NUDE,BRIEF CASE
Green,BRIEFCASE,BRIEF CASE GREEN,BRIEF CASE
Brown,SLING,BUTTERFLY SLING CRACKED,BUTTERFLY SLING
Brown,SLING,BUTTERFLY SLING SPICE,BUTTERFLY SLING
Grey,SLING,BUTTERFLY SLING GREY,BUTTERFLY SLING
Beige,SLING,BUTTERFLY SLING BEIGE,BUTTERFLY SLING
Black,SLING,BUTTERFLY SLING BLACK,BUTTERFLY SLING
Red,SLING,BUTTERFLY SLING RED,BUTTERFLY SLING
Brown,SLING,BUTTERFLY SLING CHOCOLATE,BUTTERFLY SLING
Brown,SLING,BUTTERFLY SLING DARK BROWN,BUTTERFLY SLING
Brown,SLING,BUTTERFLY SLING YELLOW BROWN,BUTTERFLY SLING
Brown,BACKPACK,CAIRO BP CRACKED,CAIRO BP
Brown,BACKPACK,CAIRO BP SPICE,CAIRO BP
Beige,BACKPACK,CAIRO BP BEIGE,CAIRO BP
Black,BACKPACK,CAIRO BP BLACK,CAIRO BP
Grey,BACKPACK,CAIRO BP GREY,CAIRO BP
Red,BACKPACK,CAIRO BP RED,CAIRO BP
Brown,BACKPACK,CAIRO BP DARK BROWN,CAIRO BP
Brown,BACKPACK,CAIRO BP YELLOW BROWN,CAIRO BP
Brown,BACKPACK,CAIRO BP CHOCOLATE,CAIRO BP
Brown,TRAVEL,CALLISTA CRACKED,CALLISTA
Brown,TRAVEL,CALLISTA SPICE,CALLISTA
Beige,TRAVEL,CALLISTA BEIGE,CALLISTA
Black,TRAVEL,CALLISTA BLACK,CALLISTA
Grey,TRAVEL,CALLISTA GREY,CALLISTA
Red,TRAVEL,CALLISTA RED,CALLISTA
Brown,TRAVEL,CALLISTA DARK BROWN,CALLISTA
Brown,TRAVEL,CALLISTA CHOCOLATE,CALLISTA
Black,HANDBAG,CATHY HANDBAG BLACK,CATHY HANDBAG
Brown,HANDBAG,CATHY HANDBAG SPICE,CATHY HANDBAG
Brown,HANDBAG,CATHY HANDBAG CRACKED,CATHY HANDBAG
Grey,HANDBAG,CATHY HANDBAG GREY,CATHY HANDBAG
Brown,HANDBAG,CATHY HANDBAG DARK BROWN,CATHY HANDBAG
Beige,HANDBAG,CATHY HANDBAG BEIGE,CATHY HANDBAG
Red,HANDBAG,CATHY HANDBAG RED,CATHY HANDBAG
Brown,HANDBAG,CATHY HANDBAG CHOCOLATE,CATHY HANDBAG
Black,SLING,CELINE SLING BAG BLACK,CELINE SLING BAG
Brown,SLING,CELINE SLING BAG SPICE,CELINE SLING BAG
Brown,SLING,CELINE SLING BAG CRACKED,CELINE SLING BAG
Grey,SLING,CELINE SLING BAG GREY,CELINE SLING BAG
Beige,SLING,CELINE SLING BAG BEIGE,CELINE SLING BAG
Brown,SLING,CELINE SLING BAG CHOCO,CELINE SLING BAG
Brown,SLING,CELINE SLING BAG DARK BROWN,CELINE SLING BAG
Red,SLING,CELINE SLING BAG RED,CELINE SLING BAG
Black,HANDBAG,CESS BLACK,CESS
Brown,HANDBAG,CESS SPICE,CESS
Brown,HANDBAG,CESS CRACKED,CESS
Grey,HANDBAG,CESS GREY,CESS
Beige,HANDBAG,CESS BEIGE,CESS
Green,HANDBAG,CESS GREEN,CESS
Brown,HANDBAG,CESS CHOCO,CESS
Brown,HANDBAG,CESS DARK BROWN,CESS
Red,HANDBAG,CESS RED,CESS
Pink,SLING,CHARLOTTE PINK,CHARLOTTE
Black,SLING,CHARLOTTE BLACK,CHARLOTTE
Brown,SLING,CHARLOTTE BROWN,CHARLOTTE
Green,SLING,CHARLOTTE GREEN,CHARLOTTE
Brown,SLING,CHARLOTTE MUSTARD,CHARLOTTE
Brown,SLING,CHARLOTTE CROC MUSTARD,CHARLOTTE
Orange,SLING,CHARLOTTE CROC ORANGE,CHARLOTTE
Brown,SLING,CHARLOTTE CROC BROWN,CHARLOTTE
Pink,SLING,CHARLOTTE CROC PINK,CHARLOTTE
Grey,SLING,CHARLOTTE GREY,CHARLOTTE
Beige,SLING,CHARLOTTE BEIGE,CHARLOTTE
Brown,SLING,CHARLOTTE DARK BROWN,CHARLOTTE
Brown,SLING,CHARLOTTE CRACKED,CHARLOTTE
Red,SLING,CHARLOTTE RED,CHARLOTTE
Brown,SLING,CHARLOTTE SPICE,CHARLOTTE
Brown,SLING,CHARLOTTE CHOCOLATE,CHARLOTTE
Blue,SLING,CHARLOTTE BLUE,CHARLOTTE
Black,THIGH BAG,CHASE BLACK,CHASE
Brown,THIGH BAG,CHASE BROWN,CHASE
Grey,THIGH BAG,CHASE GREY,CHASE
Green,THIGH BAG,CHASE GREEN,CHASE
Beige,THIGH BAG,CHASE NUDE,CHASE
Black,HANDBAG,CLAIRE HANDBAG BLACK,CLAIRE HANDBAG
Brown,HANDBAG,CLAIRE HANDBAG SPICE,CLAIRE HANDBAG
Brown,HANDBAG,CLAIRE HANDBAG CRACKED,CLAIRE HANDBAG
Grey,HANDBAG,CLAIRE HANDBAG GREY,CLAIRE HANDBAG
Red,HANDBAG,CLAIRE HANDBAG WOOVEN MAROON,CLAIRE HANDBAG
Black,HANDBAG,CLAIRE HANDBAG WOOVEN BLACK,CLAIRE HANDBAG
,HANDBAG,CLAIRE HANDBAG WHITE,CLAIRE HANDBAG
Beige,HANDBAG,CLAIRE HANDBAG BEIGE,CLAIRE HANDBAG
Brown,HANDBAG,CLAIRE HANDBAG DARK BROWN,CLAIRE HANDBAG
Red,HANDBAG,CLAIRE HANDBAG RED,CLAIRE HANDBAG
Brown,HANDBAG,CLEO CRACKED,CLEO
Grey,HANDBAG,CLEO GREY,CLEO
Black,HANDBAG,CLEO BLACK,CLEO
Brown,HANDBAG,CLEO SPICE,CLEO
Red,HANDBAG,CLEO RED,CLEO
Brown,HANDBAG,CLEO CHOCOLATE,CLEO
Brown,HANDBAG,CLEO YELLOW BROWN,CLEO
Brown,HANDBAG,CLEO DARK BROWN,CLEO
Beige,HANDBAG,CLEO BEIGE,CLEO
Beige,BACKPACK,CODE 3 NUDE,CODE 3
Brown,BACKPACK,CODE 3 BROWN,CODE 3
Black,BACKPACK,CODE 3 BLACK,CODE 3
Grey,BACKPACK,CODE 3 GREY,CODE 3
Brown,BACKPACK,CODE 3 ANTELOPE BROWN,CODE 3
Green,BACKPACK,CODE 3 GREEN,CODE 3
Blue,BACKPACK,CODE 3 BLUE,CODE 3
Red,BACKPACK,CODE 3 CRIMSON,CODE 3
Beige,BACKPACK,CODE 4 ANKARA NUDE,CODE 4 ANKARA
Green,BACKPACK,CODE 4 ANKARA GREEN,CODE 4 ANKARA
Brown,BACKPACK,CODE 4 ANKARA BROWN,CODE 4 ANKARA
Grey,BACKPACK,CODE 4 ANKARA GREY,CODE 4 ANKARA
,BACKPACK,CODE 4 ANKARA WHITE,CODE 4 ANKARA
Black,BACKPACK,CODE 4 ANKARA BLACK,CODE 4 ANKARA
Black,BACKPACK,CODE 9 BLACK,CODE 9
Brown,BACKPACK,CODE 9 BROWN,CODE 9
Green,BACKPACK,CODE 9 GREEN,CODE 9
Brown,BACKPACK,CODE 9 YELLOW DOTTED,CODE 9
Grey,BACKPACK,CODE 9 GREY,CODE 9
Beige,BACKPACK,CODE 9 NUDE,CODE 9
Brown,HANDBAG,COLLEGE HB BROWN,COLLEGE HB
Green,HANDBAG,COLLEGE HB GREEN,COLLEGE HB
Black,HANDBAG,COLLEGE HB BLACK,COLLEGE HB
Grey,HANDBAG,COLLEGE HB GREY,COLLEGE HB
Beige,HANDBAG,COLLEGE HB NUDE,COLLEGE HB
Brown,HANDBAG,COLLEGE HB YELLOW DOTTED,COLLEGE HB
Brown,SCHOOL BAG,COSMO BROWN,COSMO
Green,SCHOOL BAG,COSMO GREEN,COSMO
Black,SCHOOL BAG,COSMO BLACK,COSMO
Grey,SCHOOL BAG,COSMO GREY,COSMO
Beige,SCHOOL BAG,COSMO NUDE,COSMO
Brown,SCHOOL BAG,COSMO YELLOW DOTTED,COSMO
Brown,BACKPACK,DARIA CHOCOLATE,DARIA
Grey,BACKPACK,DARIA GREY,DARIA
Brown,BACKPACK,DARIA CRACKED,DARIA
Brown,BACKPACK,DARIA DARK BROWN,DARIA
Black,BACKPACK,DARIA BLACK,DARIA
Brown,BACKPACK,DARIA SPICE,DARIA
Beige,BACKPACK,DARIA BEIGE,DARIA
Black,HANDBAG,DELICA BLACK,DELICA
Red,HANDBAG,DELICA RED PATTERN,DELICA
Pink,HANDBAG,DELICA LILAC,DELICA
Brown,HANDBAG,DELICA MUSTARD,DELICA
Green,HANDBAG,DELICA MINT GREEN,DELICA
,BABY BAG,DIAPER BAG TITAN 15,DIAPER BAG
,BABY BAG,DIAPER BAG TITAN 11,DIAPER BAG
,BABY BAG,DIAPER BAG TITAN 5,DIAPER BAG
,BABY BAG,DIAPER BAG TITAN 1,DIAPER BAG
Blue,BABY BAG,DIAPER BAG PATTERN BLUE,DIAPER BAG
Red,BABY BAG,DIAPER BAG PATTERN RED,DIAPER BAG
Pink,BABY BAG,DIAPER BAG PATTERN PINK,DIAPER BAG
Black,MAN BAG,DON BLACK,DON
Brown,MAN BAG,DON BROWN,DON
Beige,MAN BAG,DON NUDE,DON
Grey,MAN BAG,DON GREY,DON
Brown,MAN BAG,DON YELLOW DOTTED,DON
Green,MAN BAG,DON GREEN,DON
Grey,BACKPACK,DOUBLE PRESS GREY,DOUBLE PRESS
Green,BACKPACK,DOUBLE PRESS GREEN,DOUBLE PRESS
Brown,BACKPACK,DOUBLE PRESS BROWN,DOUBLE PRESS
Beige,BACKPACK,DOUBLE PRESS NUDE,DOUBLE PRESS
Black,BACKPACK,DOUBLE PRESS BLACK,DOUBLE PRESS
Brown,BACKPACK,DOUBLE PRESS YELLOW DOTTED,DOUBLE PRESS
Black,THIGH BAG,ELEKTRA BLACK,ELEKTRA
Beige,THIGH BAG,ELEKTRA BEIGE,ELEKTRA
Brown,THIGH BAG,ELEKTRA SPICE,ELEKTRA
Grey,THIGH BAG,ELEKTRA GREY,ELEKTRA
Brown,THIGH BAG,ELEKTRA CRACKED,ELEKTRA
Red,THIGH BAG,ELEKTRA RED,ELEKTRA
Brown,THIGH BAG,ELEKTRA DARK BROWN,ELEKTRA
Brown,THIGH BAG,ELEKTRA CHOCO,ELEKTRA
Black,SLING,ELLA SLING BLACK,ELLA SLING
Pink,SLING,ELLA SLING LILAC,ELLA SLING
,SLING,ELLA SLING SILVER,ELLA SLING
Green,SLING,ELLA SLING MINT GREEN,ELLA SLING
,SLING,ELLA SLING PEACH,ELLA SLING
Brown,SLING,ELLA SLING MUSTARD,ELLA SLING
Green,SLING,ELLA SLING DARK GREEN,ELLA SLING
Blue,SLING,ELLA SLING NAVY BLUE,ELLA SLING
Brown,SLING,ELLA SLING BROWN,ELLA SLING
Red,SLING,ELLA SLING RED P,ELLA SLING
Pink,SLING,ELLA SLING PINK,ELLA SLING
Grey,HANDBAG,ELYSE GREY,ELYSE
Brown,HANDBAG,ELYSE D.BROWN,ELYSE
Brown,HANDBAG,ELYSE SPICE,ELYSE
Brown,HANDBAG,ELYSE CRACKED,ELYSE
Black,HANDBAG,ELYSE BLACK,ELYSE
Red,HANDBAG,ELYSE RED,ELYSE
Beige,HANDBAG,ELYSE BEIGE,ELYSE
Brown,HANDBAG,ELYSE CHOCOLATE,ELYSE
Black,HANDBAG,ELYSE RED/BLACK,ELYSE
Black,HANDBAG,ELYSE SPICE/BLACK,ELYSE
Red,HANDBAG,ELYSE RED/BEIGE,ELYSE
Black,HANDBAG,ELYSE BLACK/GREY,ELYSE
Black,HANDBAG,ELYSE BLACK/CRACKED,ELYSE
Black,BACKPACK,ESMERALDA BLACK,ESMERALDA
Brown,BACKPACK,ESMERALDA BROWN,ESMERALDA
Beige,BACKPACK,ESMERALDA NUDE,ESMERALDA
Green,BACKPACK,ESMERALDA GREEN,ESMERALDA
Grey,BACKPACK,ESMERALDA GREY,ESMERALDA
Red,BACKPACK,ESMERALDA RED,ESMERALDA
Blue,BACKPACK,ESMERALDA BLUE,ESMERALDA
Black,TRAVEL,FABELA BLACK,FABELA
Brown,TRAVEL,FABELA BROWN,FABELA
Grey,TRAVEL,FABELA GREY,FABELA
Brown,TRAVEL,FABELA YELLOW DOTTED,FABELA
Green,TRAVEL,FABELA GREEN,FABELA
Beige,TRAVEL,FABELA NUDE,FABELA
Black,WAIST BAG,FANNY AMAPIANO BLACK,FANNY AMAPIANO
Brown,WAIST BAG,FANNY AMAPIANO BROWN,FANNY AMAPIANO
Grey,WAIST BAG,FANNY AMAPIANO GREY,FANNY AMAPIANO
Brown,WAIST BAG,FANNY AMAPIANO CRACKED,FANNY AMAPIANO
Beige,WAIST BAG,FANNY AMAPIANO NUDE,FANNY AMAPIANO
Black,WAIST BAG,FANNY PACK BLACK,FANNY PACK
Brown,WAIST BAG,FANNY PACK BROWN,FANNY PACK
Grey,WAIST BAG,FANNY PACK GREY,FANNY PACK
Green,WAIST BAG,FANNY PACK GREEN,FANNY PACK
Brown,WAIST BAG,FANNY PACK CRACKED,FANNY PACK
Beige,WAIST BAG,FANNY PACK NUDE,FANNY PACK
Brown,WAIST BAG,FANNY PACK DARK BROWN,FANNY PACK
Black,WAIST BAG,FANNY PACK BLACK TT,FANNY PACK
Brown,WAIST BAG,FANNY PACK SPICE,FANNY PACK
Brown,WAIST BAG,FANNY PACK YELLOW DOTTED,FANNY PACK
Grey,WAIST BAG,FANNY PACK GREY TT,FANNY PACK
Black,WAIST BAG,FANNY PACK BLACK MPW,FANNY PACK
Beige,WAIST BAG,FANNY PACK BEIGE TT,FANNY PACK
Black,MESSENGER,FAYOLA BLACK,FAYOLA
Grey,MESSENGER,FAYOLA GREY,FAYOLA
Beige,MESSENGER,FAYOLA NUDE,FAYOLA
Green,MESSENGER,FAYOLA GREEN,FAYOLA
Brown,MESSENGER,FAYOLA BROWN,FAYOLA
Brown,MESSENGER,FAYOLA YELLOW DOTTED,FAYOLA
,MESSENGER,FAYOLA TITAN 15,FAYOLA
Grey,BRIEFCASE,FEROZ GREY,FEROZ
Red,BRIEFCASE,FEROZ RED,FEROZ
Brown,BRIEFCASE,FEROZ SPICE,FEROZ
Beige,BRIEFCASE,FEROZ BEIGE,FEROZ
Brown,BRIEFCASE,FEROZ CRACKED,FEROZ
Black,BRIEFCASE,FEROZ BLACK,FEROZ
Brown,BRIEFCASE,FEROZ CHOCO,FEROZ
Brown,BRIEFCASE,FEROZ DARK BROWN,FEROZ
Brown,BRIEFCASE,FEROZ YELLOW BROWN,FEROZ
Pink,SLING,FOXY LILAC,FOXY
Brown,SLING,FOXY MUSTARD,FOXY
Blue,SLING,FOXY BLUE,FOXY
Pink,SLING,FOXY PINK,FOXY
Brown,SLING,FOXY BROWN,FOXY
Green,SLING,FOXY GREEN,FOXY
Black,SLING,FOXY BLACK,FOXY
,GIFT BAG,GIFT BAG A3,GIFT BAG
,GIFT BAG,GIFT BAG A4,GIFT BAG
,GIFT BAG,GIFT BAG A5,GIFT BAG
Brown,SPORT,GYM BAG BROWN,GYM BAG
Green,SPORT,GYM BAG GREEN,GYM BAG
Black,SPORT,GYM BAG BLACK,GYM BAG
Grey,SPORT,GYM BAG GREY,GYM BAG
Beige,SPORT,GYM BAG NUDE,GYM BAG
Brown,SPORT,GYM BAG YELLOW DOTTED,GYM BAG
,HOOD,HOOD WHITE,HOOD
Blue,HOOD,HOOD N.BLUE,HOOD
Green,HOOD,HOOD GREEN,HOOD
Red,HOOD,HOOD MAROON,HOOD
Grey,HOOD,HOOD GREY,HOOD
Black,HOOD,HOOD BLACK,HOOD
Red,HOOD,HOOD RED,HOOD
Black,HANDBAG,ICON BLACK,ICON
Brown,HANDBAG,ICON SPICE,ICON
Grey,HANDBAG,ICON GREY,ICON
Beige,HANDBAG,ICON BEIGE,ICON
Brown,HANDBAG,ICON CRACKED,ICON
Red,HANDBAG,ICON RED,ICON
Brown,HANDBAG,ICON CHOCO,ICON
Black,HANDBAG,IMANI BLACK 018,IMANI
Red,HANDBAG,IMANI MAROON 018,IMANI
Brown,HANDBAG,IMANI DARK BROWN 018,IMANI
Brown,HANDBAG,IMANI SPICE,IMANI
Grey,HANDBAG,IMANI GREY,IMANI
Beige,HANDBAG,IMANI BEIGE,IMANI
Red,HANDBAG,IMANI RED,IMANI
Beige,HANDBAG,IMANI BEIGE 018,IMANI
Green,HANDBAG,IMANI GREEN TT,IMANI
Beige,BACKPACK,JABARI BEIGE,JABARI
Brown,BACKPACK,JABARI CRACKED,JABARI
Red,BACKPACK,JABARI MAROON,JABARI
Black,BACKPACK,JABARI BLACK,JABARI
Brown,BACKPACK,JABARI DARK BROWN,JABARI
Brown,BRIEFCASE,JADE SPICE,JADE
Brown,BRIEFCASE,JADE DARK BROWN,JADE
Black,BRIEFCASE,JADE BLACK,JADE
Beige,BRIEFCASE,JADE BEIGE,JADE
Brown,BRIEFCASE,JADE CRACKED,JADE
Grey,BRIEFCASE,JADE GREY,JADE
Red,BRIEFCASE,JADE RED,JADE
Brown,BRIEFCASE,JADE YELLOW BROWN,JADE
Brown,BRIEFCASE,JADE CHOCOLATE,JADE
Brown,HANDBAG,JAMELA SPICE,JAMELA
Grey,HANDBAG,JAMELA GREY,JAMELA
Brown,HANDBAG,JAMELA CRACKED,JAMELA
Black,HANDBAG,JAMELA BLACK,JAMELA
Red,HANDBAG,JAMELA RED,JAMELA
Brown,HANDBAG,JAMELA YELLOW BROWN,JAMELA
Brown,HANDBAG,JAMELA CHOCOLATE,JAMELA
Beige,HANDBAG,JAMELA BEIGE,JAMELA
Brown,HANDBAG,JAMELA DARK BROWN,JAMELA
Black,MAN BAG,JAYDEN MAN BLACK,JAYDEN MAN
Brown,MAN BAG,JAYDEN MAN BROWN,JAYDEN MAN
Grey,MAN BAG,JAYDEN MAN GREY,JAYDEN MAN
Beige,MAN BAG,JAYDEN MAN NUDE,JAYDEN MAN
Green,MAN BAG,JAYDEN MAN GREEN,JAYDEN MAN
Brown,MAN BAG,JAYDEN MAN YELLOW DOTTED,JAYDEN MAN
Black,TRAVEL,JUMBO BLACK,JUMBO
Brown,TRAVEL,JUMBO BROWN,JUMBO
Green,TRAVEL,JUMBO GREEN,JUMBO
Grey,TRAVEL,JUMBO GREY,JUMBO
Beige,TRAVEL,JUMBO NUDE,JUMBO
Red,TRAVEL,JUMBO CRIMSON,JUMBO
Blue,TRAVEL,JUMBO BLUE,JUMBO
Brown,TRAVEL,JUMBO YELLOW DOTTED,JUMBO
Black,BACKPACK,KAI BLACK,KAI
Grey,BACKPACK,KAI GREY,KAI
Brown,BACKPACK,KAI BROWN,KAI
Beige,BACKPACK,KAI BEIGE,KAI
Brown,BACKPACK,KAI YELLOW DOTTED,KAI
Green,BACKPACK,KAI GREEN,KAI
Brown,SLING,KANJI SPICE,KANJI
Black,SLING,KANJI BLACK,KANJI
Red,SLING,KANJI RED,KANJI
Blue,SLING,KANJI NAVY BLUE,KANJI
Brown,SLING,KANJI CHOCO,KANJI
Beige,SLING,KANJI BEIGE,KANJI
Brown,SLING,KANJI CRACKED,KANJI
Grey,SLING,KANJI GREY,KANJI
Brown,SLING,KANJI DARK BROWN,KANJI
Grey,BACKPACK,KAOS GREY,KAOS
Brown,BACKPACK,KAOS SPICE,KAOS
Brown,BACKPACK,KAOS CRACKED,KAOS
Beige,BACKPACK,KAOS BEIGE,KAOS
Red,BACKPACK,KAOS RED,KAOS
Black,BACKPACK,KAOS BLACK,KAOS
Brown,BACKPACK,KAOS CHOCO,KAOS
Brown,BACKPACK,KAOS DARK BROWN,KAOS
Brown,BACKPACK,KAOS YELLOW BROWN,KAOS
Black,HANDBAG,KARINA CROC BLACK,KARINA
Red,HANDBAG,KARINA RED PATTERN,KARINA
Black,HANDBAG,KARINA WOOVEN BLACK,KARINA
Red,HANDBAG,KARINA WOOVEN MAROON,KARINA
Grey,HANDBAG,KARINA GREY,KARINA
Brown,HANDBAG,KARINA SPICE,KARINA
Brown,HANDBAG,KARINA CRACKED,KARINA
Beige,HANDBAG,KARINA BEIGE,KARINA
Red,HANDBAG,KARINA RED,KARINA
Black,HANDBAG,KARINA BLACK,KARINA
Brown,HANDBAG,KARINA CHOCO,KARINA
Brown,HANDBAG,KARINA DARK BROWN,KARINA
Brown,HANDBAG,KARINA WOOVEN MUSTARD,KARINA
Purple,HANDBAG,KARINA WOOVEN PURPLE,KARINA
Brown,HANDBAG,KARINA CROC MUSTARD,KARINA
Brown,HANDBAG,KARINA CROC BROWN,KARINA
Pink,HANDBAG,KARINA CROC PINK,KARINA
Orange,HANDBAG,KARINA CROC ORANGE,KARINA
Black,SLING,KATE WOOVEN BLACK,KATE
Red,SLING,KATE RED PATTERN,KATE
Red,SLING,KATE WOOVEN MAROON,KATE
Brown,SLING,KATE WOOVEN MUSTARD,KATE
Purple,SLING,KATE WOOVEN PURPLE,KATE
Black,SLING,KATE BLACK/RED,KATE
Brown,SLING,KATE MAROON/MUSTARD,KATE
Green,SLING,KATE GREEN/RED,KATE
Red,SLING,KATE BROWN/RED,KATE
Black,SLING,KATE BLACK/MAROON,KATE
Red,SLING,KATE MUSTARD/RED,KATE
Brown,SLING,KATE YELLOW BROWN,KATE
Red,SLING,KATE MAROON,KATE
Black,SLING,KATE BLACK,KATE
Brown,SLING,KATE SPICE,KATE
Grey,SLING,KATE GREY,KATE
Brown,SLING,KATE CRACKED,KATE
Red,SLING,KATE RED,KATE
Beige,SLING,KATE BEIGE,KATE
Brown,SLING,KATE DARK BROWN,KATE
Brown,SLING,KATE CHOCOLATE,KATE
Brown,HANDBAG,KAYLA DARK BROWN,KAYLA
Brown,HANDBAG,KAYLA CRACKED,KAYLA
Brown,HANDBAG,KAYLA SPICE,KAYLA
Grey,HANDBAG,KAYLA GREY,KAYLA
Black,HANDBAG,KAYLA BLACK,KAYLA
Brown,HANDBAG,KAYLA CHOCOLATE,KAYLA
Red,HANDBAG,KAYLA RED,KAYLA
Black,TRAVEL,KAZ BLACK,KAZ
Brown,TRAVEL,KAZ YELLOW DOTTED,KAZ
Brown,TRAVEL,KAZ BROWN,KAZ
Beige,TRAVEL,KAZ NUDE,KAZ
Grey,TRAVEL,KAZ GREY,KAZ
Green,TRAVEL,KAZ GREEN,KAZ
Brown,SLING,LADONA SPICE,LADONA
Brown,SLING,LADONA DARK BROWN,LADONA
Black,SLING,LADONA BLACK,LADONA
Beige,SLING,LADONA BEIGE,LADONA
Brown,SLING,LADONA CRACKED,LADONA
Grey,SLING,LADONA GREY,LADONA
Red,SLING,LADONA RED,LADONA
Brown,SLING,LADONA YELLOW BROWN,LADONA
Brown,SLING,LADONA CHOCOLATE,LADONA
Black,HANDBAG,LAFEMME BLACK (OBSIDIAN),LAFEMME
Red,HANDBAG,LAFEMME RED (GARNET),LAFEMME
Pink,HANDBAG,LAFEMME PINK (E'CLAT),LAFEMME
Red,HANDBAG,LAFEMME WINE RED (MULBERRY),LAFEMME
Black,SLING,LAMORA BLACK,LAMORA
Blue,SLING,LAMORA SKYE BLUE,LAMORA
Brown,SLING,LAMORA BROWN,LAMORA
Red,SLING,LAMORA RED,LAMORA
Black,HANDBAG,LANKA WOOVEN BLACK,LANKA
Brown,HANDBAG,LANKA WOOVEN MUSTARD,LANKA
Purple,HANDBAG,LANKA WOOVEN PURPLE,LANKA
Red,HANDBAG,LANKA WOOVEN MAROON,LANKA
Black,BRIEFCASE,LEGACY BLACK,LEGACY
Brown,BRIEFCASE,LEGACY BROWN,LEGACY
Grey,BRIEFCASE,LEGACY GREY,LEGACY
Brown,BRIEFCASE,LEGACY DARK BROWN,LEGACY
Green,BRIEFCASE,LEGACY GREEN,LEGACY
Brown,BRIEFCASE,LEGACY CRACKED,LEGACY
Beige,BRIEFCASE,LEGACY BEIGE,LEGACY
Red,BRIEFCASE,LEGACY RED,LEGACY
Brown,SLING,LEILA SPICE,LEILA
Brown,SLING,LEILA YELLOW BROWN,LEILA
Black,SLING,LEILA BLACK,LEILA
Brown,SLING,LEILA CHOCOLATE,LEILA
Red,SLING,LEILA RED,LEILA
Beige,SLING,LEILA BEIGE,LEILA
Grey,SLING,LEILA GREY,LEILA
Brown,SLING,LEILA CRACKED,LEILA
Brown,SLING,LEILA DARK BROWN,LEILA
Black,TRAVEL,LIAM BLACK,LIAM
Brown,TRAVEL,LIAM BROWN,LIAM
Beige,TRAVEL,LIAM NUDE,LIAM
Green,TRAVEL,LIAM GREEN,LIAM
Grey,TRAVEL,LIAM GREY,LIAM
Red,TRAVEL,LIAM RED,LIAM
Black,TRAVEL,LITE BLACK/BROWN,LITE
Black,TRAVEL,LITE BROWN/BLACK,LITE
Black,TRAVEL,LITE GREY/BLACK,LITE
Black,TRAVEL,LITE NUDE/BLACK,LITE
Black,TRAVEL,LITE GREEN/BLACK,LITE
Brown,HANDBAG,LOLA YELLOW BROWN,LOLA
Red,HANDBAG,LOLA RED.PATTERN,LOLA
Black,HANDBAG,LOLA WOOVEN BLACK,LOLA
Red,HANDBAG,LOLA WOOVEN MAROON,LOLA
Brown,HANDBAG,LOLA WOOVEN MUSTARD,LOLA
Purple,HANDBAG,LOLA WOOVEN PURPLE,LOLA
Grey,HANDBAG,LOLA GREY,LOLA
Brown,HANDBAG,LOLA CHOCO,LOLA
Brown,HANDBAG,LOLA CRACKED,LOLA
Red,HANDBAG,LOLA RED,LOLA
Black,HANDBAG,LOLA BLACK,LOLA
Brown,HANDBAG,LOLA SPICE,LOLA
Beige,HANDBAG,LOLA BEIGE,LOLA
Red,HANDBAG,LOLA MAROON,LOLA
Brown,HANDBAG,LOLA DARK BROWN,LOLA
Black,BACKPACK,LOOP BP CN BLACK,LOOP BP
Brown,BACKPACK,LOOP BP SPICE,LOOP BP
Brown,BACKPACK,LOOP BP CRACKED,LOOP BP
Black,BACKPACK,LOOP BP BLACK,LOOP BP
Red,BACKPACK,LOOP BP MAROON,LOOP BP
Green,BACKPACK,LOOP BP GREEN,LOOP BP
Grey,BACKPACK,LOOP BP CN GREY,LOOP BP
Red,BACKPACK,LOOP BP RED,LOOP BP
Brown,BACKPACK,LOOP BP DARK BROWN,LOOP BP
Brown,BACKPACK,LOOP BP CN DARK BROWN,LOOP BP
Grey,BRIEFCASE,LOTUS GREY,LOTUS
Brown,BRIEFCASE,LOTUS CRACKED,LOTUS
Brown,BRIEFCASE,LOTUS SPICE,LOTUS
Beige,BRIEFCASE,LOTUS BEIGE,LOTUS
Black,BRIEFCASE,LOTUS BLACK,LOTUS
Red,BRIEFCASE,LOTUS RED,LOTUS
Brown,BRIEFCASE,LOTUS DARK BROWN,LOTUS
Brown,BRIEFCASE,LOTUS CHOCO,LOTUS
Black,BABY BAG,LUCA BLACK,LUCA
Beige,BABY BAG,LUCA NUDE,LUCA
Brown,BABY BAG,LUCA BROWN,LUCA
Brown,BABY BAG,LUCA YELLOW DOTTED,LUCA
Green,BABY BAG,LUCA GREEN,LUCA
Grey,BABY BAG,LUCA GREY,LUCA
Black,MAN BAG,LUNA BLACK,LUNA
Green,MAN BAG,LUNA GREEN,LUNA
Red,MAN BAG,LUNA RED,LUNA
Brown,MAN BAG,LUNA BROWN,LUNA
Beige,MAN BAG,LUNA NUDE,LUNA
Grey,MAN BAG,LUNA GREY,LUNA
Black,MAN BAG,LUNA AMAPIANO BLACK,LUNA AMAPIANO
Green,MAN BAG,LUNA AMAPIANO GREEN,LUNA AMAPIANO
Brown,MAN BAG,LUNA AMAPIANO YELLOW DOTTED,LUNA AMAPIANO
Brown,MAN BAG,LUNA AMAPIANO BROWN,LUNA AMAPIANO
Beige,MAN BAG,LUNA AMAPIANO NUDE,LUNA AMAPIANO
Grey,MAN BAG,LUNA AMAPIANO GREY,LUNA AMAPIANO
Black,LUNCH BAG,LUNCHSET BLACK,LUNCHSET
Beige,LUNCH BAG,LUNCHSET NUDE,LUNCHSET
Brown,LUNCH BAG,LUNCHSET BROWN,LUNCHSET
Brown,LUNCH BAG,LUNCHSET YELLOW DOTTED,LUNCHSET
Green,LUNCH BAG,LUNCHSET GREEN,LUNCHSET
Grey,LUNCH BAG,LUNCHSET GREY,LUNCHSET
Brown,MAKE UP,MAKE UP POUCH BROWN,MAKE UP POUCH
Black,MAKE UP,MAKE UP POUCH BLACK,MAKE UP POUCH
Brown,MAKE UP,MAKE UP POUCH YELLOW DOTTED,MAKE UP POUCH
Grey,MAKE UP,MAKE UP POUCH GREY,MAKE UP POUCH
Beige,MAKE UP,MAKE UP POUCH NUDE,MAKE UP POUCH
Blue,MAKE UP,MAKE UP POUCH BLUE,MAKE UP POUCH
Green,MAKE UP,MAKE UP POUCH GREEN,MAKE UP POUCH
Black,MAN BAG,MAN BAG BLACK,MAN BAG
Brown,MAN BAG,MAN BAG BROWN,MAN BAG
Beige,MAN BAG,MAN BAG NUDE,MAN BAG
Grey,MAN BAG,MAN BAG GREY,MAN BAG
Green,MAN BAG,MAN BAG GREEN,MAN BAG
Brown,MAN BAG,MAN BAG YELLOW DOTTED,MAN BAG
Red,MAN BAG,MAN BAG RED,MAN BAG
Blue,MAN BAG,MAN BAG BLUE,MAN BAG
Black,HANDBAG,MANDY HB BLACK,MANDY HB
Brown,HANDBAG,MANDY HB SPICE,MANDY HB
Brown,HANDBAG,MANDY HB CRACKED,MANDY HB
Grey,HANDBAG,MANDY HB GREY,MANDY HB
Brown,HANDBAG,MANDY HB CHOCO,MANDY HB
Beige,HANDBAG,MANDY HB BEIGE,MANDY HB
Beige,HANDBAG,MANDY HB Cream,MANDY HB
Brown,HANDBAG,MANDY HB DARK BROWN,MANDY HB
Red,HANDBAG,MANDY HB RED,MANDY HB
Beige,HANDBAG,MARLEY BEIGE,MARLEY
Black,HANDBAG,MARLEY BLACK,MARLEY
Red,HANDBAG,MARLEY MAROON,MARLEY
Brown,HANDBAG,MARLEY DARK BROWN,MARLEY
Brown,SLING,MAYA MUSTARD,MAYA
Red,SLING,MAYA RED.PATTERN,MAYA
Black,SLING,MAYA WOOVEN BLACK,MAYA
Red,SLING,MAYA WOOVEN MAROON,MAYA
Brown,SLING,MAYA WOOVEN MUSTARD,MAYA
Purple,SLING,MAYA WOOVEN PURPLE,MAYA
Black,SLING,MAYA BLACK,MAYA
Pink,SLING,MAYA PINK,MAYA
Green,SLING,MAYA MINT GREEN,MAYA
Brown,SLING,MAYA BROWN,MAYA
Pink,SLING,MAYA LILAC,MAYA
Blue,SLING,MAYA BLUE,MAYA
Black,BACKPACK,MEGA BLACK,MEGA
Brown,BACKPACK,MEGA BROWN,MEGA
Grey,BACKPACK,MEGA GREY,MEGA
Beige,BACKPACK,MEGA NUDE,MEGA
Green,BACKPACK,MEGA GREEN,MEGA
Brown,BACKPACK,MEGA YELLOW DOTTED,MEGA
Grey,MAN BAG,MINI MANBAG GREY,MINI MANBAG
Black,MAN BAG,MINI MANBAG BLACK,MINI MANBAG
Brown,MAN BAG,MINI MANBAG CRACKED,MINI MANBAG
Beige,MAN BAG,MINI MANBAG BEIGE,MINI MANBAG
Red,MAN BAG,MINI MANBAG RED,MINI MANBAG
Brown,MAN BAG,MINI MANBAG SPICE,MINI MANBAG
Brown,MAN BAG,MINI MANBAG CHOCOLATE,MINI MANBAG
Brown,MAN BAG,MINI MANBAG YELLOW BROWN,MINI MANBAG
Brown,MAN BAG,MINI MANBAG DARK BROWN,MINI MANBAG
Brown,HANDBAG,MINI MAYA WOOVEN MUSTARD,MINI MAYA
Red,HANDBAG,MINI MAYA RED PATTERN,MINI MAYA
Black,HANDBAG,MINI MAYA WOOVEN BLACK,MINI MAYA
Purple,HANDBAG,MINI MAYA WOOVEN PURPLE,MINI MAYA
Red,HANDBAG,MINI MAYA WOOVEN MAROON,MINI MAYA
Black,SCHOOL BAG,MINI SCHOOL BLACK,MINI SCHOOL
Grey,SCHOOL BAG,MINI SCHOOL GREY,MINI SCHOOL
Brown,SCHOOL BAG,MINI SCHOOL BROWN,MINI SCHOOL
Red,SCHOOL BAG,MINI SCHOOL RED,MINI SCHOOL
Green,SCHOOL BAG,MINI SCHOOL GREEN,MINI SCHOOL
Beige,SCHOOL BAG,MINI SCHOOL NUDE,MINI SCHOOL
Black,CHEST BAG,MINI UMBRA BLACK,MINI UMBRA
Grey,CHEST BAG,MINI UMBRA GREY,MINI UMBRA
Brown,CHEST BAG,MINI UMBRA CRACKED,MINI UMBRA
Brown,CHEST BAG,MINI UMBRA SPICE,MINI UMBRA
Brown,CHEST BAG,MINI UMBRA MANYATTA DARK BROWN,MINI UMBRA
Green,CHEST BAG,MINI UMBRA MANYATTA DARK GREEN,MINI UMBRA
Green,CHEST BAG,MINI UMBRA MANYATTA GREEN,MINI UMBRA
Yellow,CHEST BAG,MINI UMBRA MANYATTA YELLOW,MINI UMBRA
Beige,CHEST BAG,MINI UMBRA BEIGE,MINI UMBRA
Brown,CHEST BAG,MINI UMBRA DARK BROWN,MINI UMBRA
Red,CHEST BAG,MINI UMBRA RED,MINI UMBRA
Brown,CHEST BAG,MINI UMBRA YELLOW BROWN,MINI UMBRA
Brown,CHEST BAG,MINI UMBRA CHOCOLATE,MINI UMBRA
Grey,HANDBAG,MINI ZURI GREY,MINI ZURI
Black,HANDBAG,MINI ZURI WOOVEN BLACK,MINI ZURI
Red,HANDBAG,MINI ZURI WOOVEN MAROON,MINI ZURI
Brown,HANDBAG,MINI ZURI WOOVEN MUSTARD,MINI ZURI
Purple,HANDBAG,MINI ZURI WOOVEN PURPLE,MINI ZURI
Black,HANDBAG,MINI ZURI BLACK,MINI ZURI
Beige,HANDBAG,MINI ZURI BEIGE,MINI ZURI
Red,HANDBAG,MINI ZURI RED,MINI ZURI
Brown,HANDBAG,MINI ZURI SPICE,MINI ZURI
Brown,HANDBAG,MINI ZURI CRACKED,MINI ZURI
Red,HANDBAG,MINI ZURI MAROON,MINI ZURI
Brown,HANDBAG,MINI ZURI AMBER BROWN,MINI ZURI
Brown,HANDBAG,MINI ZURI YELLOW BROWN,MINI ZURI
Brown,HANDBAG,MINI ZURI CHOCOLATE,MINI ZURI
Red,HANDBAG,MINI ZURI RED P,MINI ZURI
Brown,HANDBAG,MINI ZURI DARK BROWN,MINI ZURI
Grey,TRAVEL,MODERN TRAVEL GREY,MODERN TRAVEL
Green,TRAVEL,MODERN TRAVEL GREEN,MODERN TRAVEL
Brown,TRAVEL,MODERN TRAVEL BROWN,MODERN TRAVEL
Beige,TRAVEL,MODERN TRAVEL NUDE,MODERN TRAVEL
Black,TRAVEL,MODERN TRAVEL BLACK,MODERN TRAVEL
Brown,TRAVEL,MODERN TRAVEL YELLOW DOTTED,MODERN TRAVEL
Black,BACKPACK,MONAH BP BLACK,MONAH BP
Brown,BACKPACK,MONAH BP SPICE,MONAH BP
Brown,BACKPACK,MONAH BP CRACKED,MONAH BP
Grey,BACKPACK,MONAH BP GREY,MONAH BP
Beige,BACKPACK,MONAH BP BEIGE,MONAH BP
Red,BACKPACK,MONAH BP MAROON,MONAH BP
Brown,BACKPACK,MONAH BP CHOCO,MONAH BP
Brown,BACKPACK,MONAH BP DARK BROWN,MONAH BP
Red,BACKPACK,MONAH BP RED,MONAH BP
Beige,SLING,MONTANA BEIGE,MONTANA
Black,SLING,MONTANA BLACK,MONTANA
Brown,SLING,MONTANA CHOCO,MONTANA
Brown,SLING,MONTANA CRACKED,MONTANA
Beige,SLING,MONTANA CREAM,MONTANA
Brown,SLING,MONTANA DARK BROWN,MONTANA
Green,SLING,MONTANA GREEN TT,MONTANA
Grey,SLING,MONTANA GREY,MONTANA
Red,SLING,MONTANA RED,MONTANA
Brown,SLING,MONTANA SPICE,MONTANA
Brown,SLING,MOON BAG SPICE,MOON BAG
Red,SLING,MOON BAG RED.PATTERN,MOON BAG
Black,SLING,MOON BAG WOOVEN BLACK,MOON BAG
Red,SLING,MOON BAG WOOVEN MAROON,MOON BAG
Brown,SLING,MOON BAG WOOVEN MUSTARD,MOON BAG
Purple,SLING,MOON BAG WOOVEN PURPLE,MOON BAG
Grey,SLING,MOON BAG GREY,MOON BAG
Brown,SLING,MOON BAG CRACKED,MOON BAG
Black,SLING,MOON BAG BLACK,MOON BAG
Beige,SLING,MOON BAG BEIGE,MOON BAG
Red,SLING,MOON BAG RED,MOON BAG
Brown,SLING,MOON BAG YELLOW BROWN,MOON BAG
Brown,SLING,MOON BAG CHOCOLATE BROWN,MOON BAG
Red,SLING,MOON BAG MAROON,MOON BAG
Brown,SLING,MOON BAG AMBER BROWN,MOON BAG
Brown,SLING,MOON BAG DARK BROWN,MOON BAG
Black,TRAVEL,MRADI TRAVEL BLACK,MRADI TRAVEL
Brown,TRAVEL,MRADI TRAVEL BROWN,MRADI TRAVEL
Green,TRAVEL,MRADI TRAVEL GREEN,MRADI TRAVEL
Brown,TRAVEL,MRADI TRAVEL YELLOW DOTTED,MRADI TRAVEL
Grey,TRAVEL,MRADI TRAVEL GREY,MRADI TRAVEL
Beige,TRAVEL,MRADI TRAVEL NUDE,MRADI TRAVEL
Grey,MESSENGER,MYSTIQUE GREY,MYSTIQUE
Black,MESSENGER,MYSTIQUE BLACK,MYSTIQUE
Brown,MESSENGER,MYSTIQUE CRACKED,MYSTIQUE
Beige,MESSENGER,MYSTIQUE BEIGE,MYSTIQUE
Red,MESSENGER,MYSTIQUE RED,MYSTIQUE
Brown,MESSENGER,MYSTIQUE SPICE,MYSTIQUE
Brown,MESSENGER,MYSTIQUE CHOCOLATE,MYSTIQUE
Brown,MESSENGER,MYSTIQUE YELLOW BROWN,MYSTIQUE
Brown,MESSENGER,MYSTIQUE DARK BROWN,MYSTIQUE
Black,HANDBAG,NALA BLACK,NALA
Blue,HANDBAG,NALA BLUE,NALA
Red,HANDBAG,NALA RED,NALA
Green,HANDBAG,NALA GREEN,NALA
Black,MAN BAG,NEO MAN BLACK,NEO MAN
Grey,MAN BAG,NEO MAN GREY,NEO MAN
Brown,MAN BAG,NEO MAN BROWN,NEO MAN
Green,MAN BAG,NEO MAN GREEN,NEO MAN
Beige,MAN BAG,NEO MAN NUDE,NEO MAN
Brown,MAN BAG,NEO MAN YELLOW DOTTED,NEO MAN
Brown,HANDBAG,NINA MUSTARD,NINA
Black,HANDBAG,NINA BLACK,NINA
Pink,HANDBAG,NINA LILAC,NINA
Pink,HANDBAG,NINA PINK,NINA
Blue,HANDBAG,NINA BLUE,NINA
Green,HANDBAG,NINA GREEN,NINA
Red,HANDBAG,NINA MAROON,NINA
Green,HANDBAG,NINA MINT GREEN,NINA
Brown,HANDBAG,NINA BROWN,NINA
Black,SLING,NIZANA BLACK,NIZANA
Red,SLING,NIZANA RED PATTERN,NIZANA
Brown,SLING,NIZANA CRACKED,NIZANA
Brown,SLING,NIZANA SPICE,NIZANA
Grey,SLING,NIZANA GREY,NIZANA
Beige,SLING,NIZANA BEIGE,NIZANA
Brown,SLING,NIZANA CHOCOLATE,NIZANA
Brown,SLING,NIZANA YELLOW BROWN,NIZANA
Red,SLING,NIZANA RED,NIZANA
Brown,SLING,NIZANA DARK BROWN,NIZANA
Brown,BRIEFCASE,NOVA SPICE,NOVA
Grey,BRIEFCASE,NOVA GREY,NOVA
Black,BRIEFCASE,NOVA BLACK,NOVA
Beige,BRIEFCASE,NOVA NUDE,NOVA
Brown,BRIEFCASE,NOVA CRACKED,NOVA
Brown,BRIEFCASE,NOVA CHOCOLATE,NOVA
Brown,BRIEFCASE,NOVA YELLOW BROWN,NOVA
Black,BACKPACK,NYLA BP BLACK,NYLA BP
Brown,BACKPACK,NYLA BP BROWN,NYLA BP
Beige,BACKPACK,NYLA BP NUDE,NYLA BP
Grey,BACKPACK,NYLA BP GREY,NYLA BP
Brown,BACKPACK,NYLA BP YELLOW DOTTED,NYLA BP
Green,BACKPACK,NYLA BP GREEN,NYLA BP
Brown,HANDBAG,OVAL HANDBAG BROWN,OVAL HANDBAG
Black,HANDBAG,OVAL HANDBAG WOOVEN BLACK,OVAL HANDBAG
Red,HANDBAG,OVAL HANDBAG WOOVEN MAROON,OVAL HANDBAG
Brown,HANDBAG,OVAL HANDBAG WOOVEN MUSTARD,OVAL HANDBAG
Purple,HANDBAG,OVAL HANDBAG WOOVEN PURPLE,OVAL HANDBAG
Grey,HANDBAG,OVAL HANDBAG GREY,OVAL HANDBAG
Green,HANDBAG,OVAL HANDBAG GREEN,OVAL HANDBAG
Beige,HANDBAG,OVAL HANDBAG NUDE,OVAL HANDBAG
Black,HANDBAG,OVAL HANDBAG BLACK,OVAL HANDBAG
Red,HANDBAG,OVAL HANDBAG RED,OVAL HANDBAG
Red,HANDBAG,OVAL HANDBAG RED PATTERN,OVAL HANDBAG
Brown,HANDBAG,OVAL HANDBAG CHOCOLATE,OVAL HANDBAG
Black,BACKPACK,PIONEER BLACK,PIONEER
Brown,BACKPACK,PIONEER BROWN,PIONEER
Grey,BACKPACK,PIONEER GREY,PIONEER
Beige,BACKPACK,PIONEER NUDE,PIONEER
Green,BACKPACK,PIONEER GREEN,PIONEER
Brown,BACKPACK,PIONEER YELLOW DOTTED,PIONEER
Black,TRAVEL,POCKET TRAVEL BLACK,POCKET TRAVEL
Brown,TRAVEL,POCKET TRAVEL BROWN,POCKET TRAVEL
Beige,TRAVEL,POCKET TRAVEL NUDE,POCKET TRAVEL
Brown,TRAVEL,POCKET TRAVEL YELLOW DOTTED,POCKET TRAVEL
Green,TRAVEL,POCKET TRAVEL GREEN,POCKET TRAVEL
Grey,TRAVEL,POCKET TRAVEL GREY,POCKET TRAVEL
Brown,MAKE UP,POH HAIRISTIC SPICE,POH HAIRISTIC
Grey,MAKE UP,POH HAIRISTIC GREY,POH HAIRISTIC
Green,MAKE UP,POH HAIRISTIC GREEN,POH HAIRISTIC
Brown,MAKE UP,POH HAIRISTIC CRACKED,POH HAIRISTIC
Red,MAKE UP,POH HAIRISTIC RED,POH HAIRISTIC
Brown,MAKE UP,POH HAIRISTIC CHOCO,POH HAIRISTIC
Black,MAKE UP,POH HAIRISTIC BLACK,POH HAIRISTIC
Black,BACKPACK,PRIME BLACK,PRIME
Brown,BACKPACK,PRIME BROWN,PRIME
Beige,BACKPACK,PRIME NUDE,PRIME
Grey,BACKPACK,PRIME GREY,PRIME
Brown,BACKPACK,PRIME YELLOW DOTTED,PRIME
Green,BACKPACK,PRIME GREEN,PRIME
Red,BACKPACK,PRIME RED,PRIME
Grey,CHEST BAG,REESTO CHEST GREY,REESTO CHEST
Brown,CHEST BAG,REESTO CHEST SPICE,REESTO CHEST
Brown,CHEST BAG,REESTO CHEST CRACKED,REESTO CHEST
Beige,CHEST BAG,REESTO CHEST BEIGE,REESTO CHEST
Red,CHEST BAG,REESTO CHEST RED,REESTO CHEST
Black,CHEST BAG,REESTO CHEST BLACK,REESTO CHEST
Brown,CHEST BAG,REESTO CHEST CHOCO,REESTO CHEST
Brown,CHEST BAG,REESTO CHEST DARK BROWN,REESTO CHEST
Brown,CHEST BAG,REESTO CHEST YELLOW BROWN,REESTO CHEST
Brown,BACKPACK,REMI SPICE,REMI
Brown,BACKPACK,REMI DARK BROWN,REMI
Black,BACKPACK,REMI BLACK,REMI
Beige,BACKPACK,REMI BEIGE,REMI
Brown,BACKPACK,REMI CRACKED,REMI
Grey,BACKPACK,REMI GREY,REMI
Red,BACKPACK,REMI RED,REMI
Brown,BACKPACK,REMI YELLOW BROWN,REMI
Brown,BACKPACK,REMI CHOCOLATE,REMI
Black,TRAVEL,REO TRAVEL BLACK,REO TRAVEL
Brown,TRAVEL,REO TRAVEL BROWN,REO TRAVEL
Beige,TRAVEL,REO TRAVEL NUDE,REO TRAVEL
Grey,TRAVEL,REO TRAVEL GREY,REO TRAVEL
Brown,TRAVEL,REO TRAVEL YELLOW DOTTED,REO TRAVEL
Green,TRAVEL,REO TRAVEL GREEN,REO TRAVEL
Brown,HANDBAG,ROZA CRACKED,ROZA
Brown,HANDBAG,ROZA SPICE,ROZA
Grey,HANDBAG,ROZA GREY,ROZA
Black,HANDBAG,ROZA BLACK,ROZA
Red,HANDBAG,ROZA RED,ROZA
Brown,HANDBAG,ROZA YELLOW BROWN,ROZA
Brown,HANDBAG,ROZA CHOCOLATE,ROZA
Brown,HANDBAG,ROZA DARK BROWN,ROZA
Red,HANDBAG,ROZA MAROON,ROZA
Beige,HANDBAG,ROZA BEIGE,ROZA
Black,BACKPACK,SAFIRI BP BLACK,SAFIRI BP
Brown,BACKPACK,SAFIRI BP BROWN,SAFIRI BP
Beige,BACKPACK,SAFIRI BP NUDE,SAFIRI BP
Grey,BACKPACK,SAFIRI BP GREY,SAFIRI BP
Green,BACKPACK,SAFIRI BP GREEN,SAFIRI BP
Brown,TRAVEL,SAFIRI TRAVEL BROWN,SAFIRI TRAVEL
Black,TRAVEL,SAFIRI TRAVEL BLACK,SAFIRI TRAVEL
Grey,TRAVEL,SAFIRI TRAVEL GREY,SAFIRI TRAVEL
Beige,TRAVEL,SAFIRI TRAVEL NUDE,SAFIRI TRAVEL
Blue,TRAVEL,SAFIRI TRAVEL P .BLUE,SAFIRI TRAVEL
Red,TRAVEL,SAFIRI TRAVEL CRIMSON,SAFIRI TRAVEL
Green,TRAVEL,SAFIRI TRAVEL GREEN,SAFIRI TRAVEL
Green,HANDBAG,SANTANA MINT GREEN,SANTANA
Red,HANDBAG,SANTANA RED PATTERN,SANTANA
Black,HANDBAG,SANTANA BLACK,SANTANA
Brown,HANDBAG,SANTANA MUSTARD,SANTANA
Pink,HANDBAG,SANTANA LILAC,SANTANA
Beige,TRAVEL,SARAI NUDE,SARAI
Brown,TRAVEL,SARAI YELLOW DOTTED,SARAI
Black,TRAVEL,SARAI BLACK,SARAI
Green,TRAVEL,SARAI GREEN,SARAI
Grey,TRAVEL,SARAI GREY,SARAI
Brown,TRAVEL,SARAI BROWN,SARAI
Black,BRIEFCASE,SATCHEL BLACK,SATCHEL
Grey,BRIEFCASE,SATCHEL GREY,SATCHEL
Brown,BRIEFCASE,SATCHEL SPICE,SATCHEL
Brown,BRIEFCASE,SATCHEL CRACKED,SATCHEL
Red,BRIEFCASE,SATCHEL RED,SATCHEL
Beige,BRIEFCASE,SATCHEL BEIGE,SATCHEL
Black,BRIEFCASE,SATCHEL WOOVEN BLACK,SATCHEL
Brown,BRIEFCASE,SATCHEL CHOCOLATE,SATCHEL
Brown,BRIEFCASE,SATCHEL DARK BROWN,SATCHEL
Black,TRAVEL,SATIS BLACK,SATIS
Brown,TRAVEL,SATIS CRACKED,SATIS
Brown,TRAVEL,SATIS SPICE,SATIS
Grey,TRAVEL,SATIS GREY,SATIS
Red,TRAVEL,SATIS RED,SATIS
Beige,TRAVEL,SATIS BEIGE,SATIS
Brown,TRAVEL,SATIS YELLOW BROWN,SATIS
Brown,TRAVEL,SATIS AMBER,SATIS
Brown,TRAVEL,SATIS D.BROWN,SATIS
Brown,TRAVEL,SATIS CHOCOLATE,SATIS
Black,SLING,SAVANNAH SLING BLACK,SAVANNAH SLING
Brown,SLING,SAVANNAH SLING CARAMEL,SAVANNAH SLING
Brown,SLING,SAVANNAH SLING MUSTARD,SAVANNAH SLING
Red,SLING,SAVANNAH SLING MAROON,SAVANNAH SLING
Beige,SLING,SAVANNAH SLING CREAM,SAVANNAH SLING
Black,HANDBAG,SCARLET BLACK,SCARLET
Pink,HANDBAG,SCARLET CROC.PINK,SCARLET
Orange,HANDBAG,SCARLET CROC.ORANGE,SCARLET
Brown,HANDBAG,SCARLET CROC.MUSTARD,SCARLET
Brown,HANDBAG,SCARLET CROC.BROWN,SCARLET
Black,SCHOOL BAG,SCHOOL BAG BLACK,SCHOOL BAG
Brown,SCHOOL BAG,SCHOOL BAG BROWN,SCHOOL BAG
Beige,SCHOOL BAG,SCHOOL BAG BEIGE,SCHOOL BAG
Grey,SCHOOL BAG,SCHOOL BAG GREY,SCHOOL BAG
Green,SCHOOL BAG,SCHOOL BAG GREEN,SCHOOL BAG
Blue,SCHOOL BAG,SCHOOL BAG BLUE,SCHOOL BAG
Black,SCHOOL BAG,SCOOBY BLACK,SCOOBY
Brown,SCHOOL BAG,SCOOBY DARK BROWN,SCOOBY
Brown,SCHOOL BAG,SCOOBY SPICE,SCOOBY
Grey,SCHOOL BAG,SCOOBY GREY,SCOOBY
Red,SCHOOL BAG,SCOOBY RED,SCOOBY
Brown,SCHOOL BAG,SCOOBY CRACKED,SCOOBY
Brown,SCHOOL BAG,SCOOBY CHOCO,SCOOBY
Beige,SCHOOL BAG,SCOOBY BEIGE,SCOOBY
Brown,BACKPACK,SHUGLI BACKPACK BROWN,SHUGLI BACKPACK
Black,BACKPACK,SHUGLI BACKPACK BLACK,SHUGLI BACKPACK
Grey,BACKPACK,SHUGLI BACKPACK GREY,SHUGLI BACKPACK
Brown,BACKPACK,SHUGLI BACKPACK YELLOW DOTTED,SHUGLI BACKPACK
Green,BACKPACK,SHUGLI BACKPACK GREEN,SHUGLI BACKPACK
Beige,BACKPACK,SHUGLI BACKPACK NUDE,SHUGLI BACKPACK
Black,HANDBAG,SIERRA HANDBAG WOOVEN BLACK,SIERRA HANDBAG
Beige,HANDBAG,SIERRA HANDBAG WOOVEN CREAM,SIERRA HANDBAG
Red,HANDBAG,SIERRA HANDBAG WOOVEN MAROON,SIERRA HANDBAG
Brown,HANDBAG,SIERRA HANDBAG WOOVEN BROWN,SIERRA HANDBAG
Black,HANDBAG,SKYE HB WOOVEN BLACK,SKYE HB
Pink,HANDBAG,SKYE HB Wooven Lilac,SKYE HB
Red,HANDBAG,SKYE HB WOOVEN MAROON,SKYE HB
Purple,HANDBAG,SKYE HB WOOVEN PURPLE,SKYE HB
Brown,BRIEFCASE,SLEEVE 1 CARAMEL,SLEEVE 1
Black,BRIEFCASE,SLEEVE 1 BLACK,SLEEVE 1
Brown,BRIEFCASE,SLEEVE 1 BROWN,SLEEVE 1
Green,BRIEFCASE,SLEEVE 1 GREEN,SLEEVE 1
Brown,BRIEFCASE,SLEEVE 2 CARAMEL,SLEEVE 2
Black,BRIEFCASE,SLEEVE 2 BLACK,SLEEVE 2
Brown,BRIEFCASE,SLEEVE 2 BROWN,SLEEVE 2
Green,BRIEFCASE,SLEEVE 2 GREEN,SLEEVE 2
Black,SCHOOL BAG,SPARK BLACK,SPARK
Brown,SCHOOL BAG,SPARK BROWN,SPARK
Grey,SCHOOL BAG,SPARK GREY,SPARK
Beige,SCHOOL BAG,SPARK NUDE,SPARK
Green,SCHOOL BAG,SPARK GREEN,SPARK
Brown,SCHOOL BAG,SPARK YELLOW DOTTED,SPARK
Black,SPORT,SPLASH BACKPACK BLACK,SPLASH BACKPACK
Green,SPORT,SPLASH BACKPACK GREEN,SPLASH BACKPACK
Brown,SPORT,SPLASH BACKPACK BROWN,SPLASH BACKPACK
Beige,SPORT,SPLASH BACKPACK BEIGE,SPLASH BACKPACK
Grey,SPORT,SPLASH BACKPACK GREY,SPLASH BACKPACK
Black,TRAVEL,TAJI BLACK,TAJI
Red,TRAVEL,TAJI MAROON 018,TAJI
Brown,TRAVEL,TAJI DARK BROWN,TAJI
Beige,TRAVEL,TAJI BEIGE,TAJI
Brown,TRAVEL,TAJI BROWN,TAJI
Green,TRAVEL,TAJI GREEN,TAJI
Red,TRAVEL,TAJI RED,TAJI
Blue,TRAVEL,TAJI BLUE,TAJI
Grey,TRAVEL,TAJI GREY,TAJI
,TRAVEL,TITAN TRAVEL TITAN 1,TITAN TRAVEL
,TRAVEL,TITAN TRAVEL TITAN 15,TITAN TRAVEL
,TRAVEL,TITAN TRAVEL TITAN 5,TITAN TRAVEL
,TRAVEL,TITAN TRAVEL TITAN 14,TITAN TRAVEL
,TRAVEL,TITAN TRAVEL TITAN 11,TITAN TRAVEL
,TRAVEL,TITAN TRAVEL TITAN 3,TITAN TRAVEL
,TRAVEL,TITAN TRAVEL TITAN 6,TITAN TRAVEL
Grey,TRAVEL,TRAVEL GREY,TRAVEL
Brown,TRAVEL,TRAVEL YELLOW DOTTED,TRAVEL
Beige,TRAVEL,TRAVEL NUDE,TRAVEL
Brown,TRAVEL,TRAVEL BROWN,TRAVEL
Black,TRAVEL,TRAVEL BLACK,TRAVEL
Red,TRAVEL,TRAVEL RED,TRAVEL
Blue,TRAVEL,TRAVEL BLUE,TRAVEL
Green,TRAVEL,TRAVEL GREEN,TRAVEL
Black,TRAVEL,TRAVOLTA BLACK,TRAVOLTA
Brown,TRAVEL,TRAVOLTA DARK BROWN,TRAVOLTA
Brown,TRAVEL,TRAVOLTA SPICE,TRAVOLTA
Grey,TRAVEL,TRAVOLTA GREY,TRAVOLTA
Red,TRAVEL,TRAVOLTA RED,TRAVOLTA
Brown,TRAVEL,TRAVOLTA CRACKED,TRAVOLTA
Brown,TRAVEL,TRAVOLTA CHOCO,TRAVOLTA
Beige,TRAVEL,TRAVOLTA BEIGE,TRAVOLTA
Brown,SLING,TRECENTO SPICE,TRECENTO
Grey,SLING,TRECENTO GREY,TRECENTO
Brown,SLING,TRECENTO CRACKED,TRECENTO
Black,SLING,TRECENTO BLACK,TRECENTO
Red,SLING,TRECENTO RED,TRECENTO
Brown,SLING,TRECENTO YELLOW BROWN,TRECENTO
Brown,SLING,TRECENTO CHOCOLATE,TRECENTO
Brown,SLING,TRECENTO DARK BROWN,TRECENTO
Red,SLING,TRECENTO WOOVEN MAROON,TRECENTO
Beige,SLING,TRECENTO BEIGE,TRECENTO
Black,MAN BAG,TRIO MIO BLACK,TRIO MIO
Grey,MAN BAG,TRIO MIO GREY,TRIO MIO
Beige,MAN BAG,TRIO MIO NUDE,TRIO MIO
Green,MAN BAG,TRIO MIO GREEN,TRIO MIO
Brown,MAN BAG,TRIO MIO BROWN,TRIO MIO
Grey,TRAVEL,TWAIN TRAVEL GREY,TWAIN TRAVEL
Beige,TRAVEL,TWAIN TRAVEL BEIGE,TWAIN TRAVEL
Red,TRAVEL,TWAIN TRAVEL RED,TWAIN TRAVEL
Brown,TRAVEL,TWAIN TRAVEL SPICE,TWAIN TRAVEL
Brown,TRAVEL,TWAIN TRAVEL CRACKED,TWAIN TRAVEL
Brown,TRAVEL,TWAIN TRAVEL YELLOW BROWN,TWAIN TRAVEL
Brown,TRAVEL,TWAIN TRAVEL CHOCOLATE,TWAIN TRAVEL
Brown,TRAVEL,TWAIN TRAVEL DARK BROWN,TWAIN TRAVEL
Black,BACKPACK,TYLER BLACK,TYLER
Brown,BACKPACK,TYLER YELLOW DOTTED,TYLER
Brown,BACKPACK,TYLER BROWN,TYLER
Grey,BACKPACK,TYLER GREY,TYLER
Beige,BACKPACK,TYLER NUDE,TYLER
Green,BACKPACK,TYLER GREEN,TYLER
Brown,CHEST BAG,UMBRA CRACKED,UMBRA
Brown,CHEST BAG,UMBRA SPICE,UMBRA
Grey,CHEST BAG,UMBRA GREY,UMBRA
Beige,CHEST BAG,UMBRA BEIGE,UMBRA
Green,CHEST BAG,UMBRA GREEN,UMBRA
Red,CHEST BAG,UMBRA RED,UMBRA
Black,CHEST BAG,UMBRA BLACK,UMBRA
Brown,CHEST BAG,UMBRA DARK BROWN,UMBRA
Brown,CHEST BAG,UMBRA CHOCOLATE,UMBRA
Orange,SLING,VAL CROC ORANGE,VAL
Pink,SLING,VAL CROC PINK,VAL
Brown,SLING,VAL CROC BROWN,VAL
Black,SLING,VAL BLACK,VAL
Red,SLING,VAL RED,VAL
Brown,SLING,VAL CROC MUSTARD,VAL
Brown,MAKE UP,VANITY SPICE,VANITY
Brown,MAKE UP,VANITY DARK BROWN,VANITY
Black,MAKE UP,VANITY BLACK,VANITY
Beige,MAKE UP,VANITY BEIGE,VANITY
Brown,MAKE UP,VANITY CRACKED,VANITY
Grey,MAKE UP,VANITY GREY,VANITY
Red,MAKE UP,VANITY RED,VANITY
Brown,MAKE UP,VANITY YELLOW BROWN,VANITY
Brown,MAKE UP,VANITY AMBER,VANITY
Red,MAKE UP,VANITY MAROON,VANITY
Brown,MAKE UP,VANITY CHOCOLATE,VANITY
Black,TRAVEL,VOYAGE BLACK,VOYAGE
Brown,TRAVEL,VOYAGE BROWN,VOYAGE
Green,TRAVEL,VOYAGE GREEN,VOYAGE
Grey,TRAVEL,VOYAGE GREY,VOYAGE
Beige,TRAVEL,VOYAGE NUDE,VOYAGE
Red,TRAVEL,VOYAGE RED,VOYAGE
Blue,TRAVEL,VOYAGE BLUE,VOYAGE
Brown,TRAVEL,VOYAGE YELLOW DOTTED,VOYAGE
Pink,TRAVEL,WANDER LUXE PATTERN PINK,WANDER LUXE
Blue,TRAVEL,WANDER LUXE PATTERN BLUE,WANDER LUXE
Red,TRAVEL,WANDER LUXE PATTERN RED,WANDER LUXE
Black,WASHBAG,WASHBAG BLACK,WASHBAG
Brown,WASHBAG,WASHBAG BROWN,WASHBAG
Beige,WASHBAG,WASHBAG NUDE,WASHBAG
Grey,WASHBAG,WASHBAG GREY,WASHBAG
Red,WASHBAG,WASHBAG RED,WASHBAG
Green,WASHBAG,WASHBAG GREEN,WASHBAG
Pink,HANDBAG,YARA lilac,YARA
Brown,HANDBAG,YARA MUSTARD,YARA
Blue,HANDBAG,YARA BLUE,YARA
Pink,HANDBAG,YARA PINK,YARA
Brown,HANDBAG,YARA BROWN,YARA
Green,HANDBAG,YARA GREEN,YARA
Black,HANDBAG,YARA BLACK,YARA
Black,MAN BAG,ZANE MAN BLACK,ZANE MAN
Brown,MAN BAG,ZANE MAN CRACKED,ZANE MAN
Beige,MAN BAG,ZANE MAN BEIGE,ZANE MAN
Brown,MAN BAG,ZANE MAN SPICE,ZANE MAN
Grey,MAN BAG,ZANE MAN GREY,ZANE MAN
Brown,MAN BAG,ZANE MAN CHOCOLATE,ZANE MAN
Red,MAN BAG,ZANE MAN RED,ZANE MAN
Green,MAN BAG,ZANE MAN GREEN,ZANE MAN
Brown,MAN BAG,ZANE MAN DARK BROWN,ZANE MAN
Black,BACKPACK,ZELUS BLACK,ZELUS
Brown,BACKPACK,ZELUS CRACKED,ZELUS
Beige,BACKPACK,ZELUS BEIGE,ZELUS
Brown,BACKPACK,ZELUS SPICE,ZELUS
Grey,BACKPACK,ZELUS GREY,ZELUS
Brown,BACKPACK,ZELUS CHOCOLATE,ZELUS
Brown,BACKPACK,ZELUS DARK BROWN,ZELUS
Brown,BACKPACK,ZELUS YELLOW BROWN,ZELUS
Black,TRAVEL,ZENO GREY/BLACK,ZENO
Black,TRAVEL,ZENO SPICE/BLACK,ZENO
Black,TRAVEL,ZENO BLACK/GREY,ZENO
Black,TRAVEL,ZENO CRACKED/BLACK,ZENO
Brown,TRAVEL,ZENO YELLOW BROWN,ZENO
Black,TRAVEL,ZENO CHOCOLATE/BLACK,ZENO
Black,TRAVEL,ZENO BLACK/RED,ZENO
Black,TRAVEL,ZENO BLACK/CRACKED,ZENO
Brown,MAN BAG,ZIARA MAN BAG BROWN,ZIARA MAN BAG
Black,MAN BAG,ZIARA MAN BAG BLACK,ZIARA MAN BAG
Beige,MAN BAG,ZIARA MAN BAG NUDE,ZIARA MAN BAG
Green,MAN BAG,ZIARA MAN BAG GREEN,ZIARA MAN BAG
Brown,MAN BAG,ZIARA MAN BAG YELLOW DOTTED,ZIARA MAN BAG
Grey,MAN BAG,ZIARA MAN BAG GREY,ZIARA MAN BAG
Black,SLING,ZING SLING BLACK,ZING SLING
Brown,SLING,ZING SLING SPICE,ZING SLING
Brown,SLING,ZING SLING CRACKED,ZING SLING
Grey,SLING,ZING SLING GREY,ZING SLING
Brown,SLING,ZING SLING YELLOW BROWN,ZING SLING
Brown,SLING,ZING SLING CHOCOLATE,ZING SLING
Red,SLING,ZING SLING RED,ZING SLING
Beige,SLING,ZING SLING BEIGE,ZING SLING
Brown,SLING,ZING SLING DARK BROWN,ZING SLING
Grey,LUNCH BAG,ZIPPED LUNCHSET GREY,ZIPPED LUNCHSET
Brown,LUNCH BAG,ZIPPED LUNCHSET BROWN,ZIPPED LUNCHSET
Beige,LUNCH BAG,ZIPPED LUNCHSET BEIGE,ZIPPED LUNCHSET
Black,LUNCH BAG,ZIPPED LUNCHSET BLACK,ZIPPED LUNCHSET
Brown,LUNCH BAG,ZIPPED LUNCHSET YELLOW DOTTED,ZIPPED LUNCHSET
Green,LUNCH BAG,ZIPPED LUNCHSET GREEN,ZIPPED LUNCHSET
Brown,SPORT,ZOEZI BROWN,ZOEZI
Green,SPORT,ZOEZI GREEN,ZOEZI
Beige,SPORT,ZOEZI NUDE,ZOEZI
Black,SPORT,ZOEZI BLACK,ZOEZI
Grey,SPORT,ZOEZI GREY,ZOEZI
Brown,SPORT,ZOEZI YELLOW DOTTED,ZOEZI
Black,MAN BAG,ZULA CN BLACK,ZULA
Grey,MAN BAG,ZULA CN GREY,ZULA
Brown,MAN BAG,ZULA ANTELOPE BROWN,ZULA
Beige,MAN BAG,ZULA NUDE,ZULA
Green,MAN BAG,ZULA GREEN,ZULA
Red,MAN BAG,ZULA RED,ZULA
Black,MAN BAG,ZULA BLACK,ZULA
Brown,MAN BAG,ZULA YELLOW DOTTED,ZULA
Red,HANDBAG,ZURI RED,ZURI
Red,HANDBAG,ZURI RED.PATTERN,ZURI
,HANDBAG,ZURI BEIGE,ZURI
,HANDBAG,ZURI BLACK,ZURI
,HANDBAG,ZURI CRACKED,ZURI
,HANDBAG,ZURI SPICE,ZURI
,HANDBAG,ZURI CHOCOLATE,ZURI
,HANDBAG,ZURI YELLOW BROWN,ZURI
,HANDBAG,ZURI MAROON,ZURI
,HANDBAG,ZURI AMBER,ZURI
,HANDBAG,ZURI GREY,ZURI
,HANDBAG,ZURI DARK BROWN,ZURI
