BAG TYPE,COLOR,UNITS
ACE,BEIGE,2
ACE,BLACK TT,4
ACE,SPICE,1
ALPHA TRAVEL,BROWN,1
ALPHA TRAVEL,GREEN,1
AMAYA,BLACK TT,3
AMAYA,SPICE,1
AMAYA,GREY,1
AMAYA,CHOCO,2
ANTITHEFT,BLACK,2
ANTITHEFT,BROWN,4
ANTITHEFT,GREEN,2
ARIA PRO,BLACK,1
ARIA SLING,BLACK,14
ARIA SLING,CRACKED,6
ARIA SLING,SPICE,1
ARIA SLING,GREY,7
ARLO MAN BAG,CRACKED,1
AURORA,SPICE,4
AURORA,BLACK,1
AURORA,BEIGE,1
AURORA,CRACKED,2
AURORA,GREY,1
AVANA HB,BLACK,1
AVANA HB,CRACKED,2
AVANA HB,CHOCOLATE,2
BABY BAG,NUDE,1
BABY BAG,BROWN,1
BELT BAG,BLACK,4
BELT BAG,RED,1
BELT BAG,CRACKED,1
BELT BAG,SPICE,1
BELT BAG,GREY,1
BELT BAG,CHOCOLATE,1
BELT BAG,DARK BROWN,1
BIG MAN BAG,BLACK,5
BIG MAN BAG,BROWN,4
BIG MAN BAG,GREY,3
BIG MAN BAG,NUDE,1
BONITA,BLACK,1
BONITA,GREY,1
BUTTERFLY SLING,CRACKED,4
BUTTERFLY SLING,GREY,2
CATHY HANDBAG,BLACK,1
CATHY HANDBAG,SPICE,1
CATHY HANDBAG,CRACKED,1
CATHY HANDBAG,GREY,1
CATHY HANDBAG,CHOCO,2
CELINE SLING BAG,BLACK,2
CESS,GREY,2
CHARLOTTE,BLACK,1
CHARLOTTE,MUSTARD,1
CLAIRE HANDBAG,BLACK,2
CLAIRE HANDBAG,SPICE,7
CLAIRE HANDBAG,W.MAROON,1
CODE 3,NUDE,1
CODE 3,BROWN,1
CODE 3,BLACK,7
CODE 3,GREY,5
CODE 3,GREEN,5
COSMO,BLACK,2
COSMO,GREY,1
DOUBLE PRESS,GREY,1
DOUBLE PRESS,GREEN,1
ELYSE,GREY,1
ELYSE,D.BROWN,1
ELYSE,SPICE,1
ELYSE,CRACKED,2
ELYSE,BLACK,7
ELYSE,CHOCOLATE,1
FABELA,BLACK,7
FABELA,BROWN,2
FANNY PACK,BROWN,1
FAYOLA,GREY,1
FAYOLA,GREEN,1
FEROZ,GREY,1
FEROZ,BLACK,6
FEROZ,GREEN,1
JADE,BLACK,3
JADE,GREY,1
JAMELA,CRACKED,1
JAMELA,BLACK,2
JAMELA,BEIGE,2
JUMBO,BLACK,6
JUMBO,BROWN,6
JUMBO,GREY,14
JUMBO,NUDE,1
KAI,BLACK,23
KAI,BROWN,1
KARINA,BLACK,2
KARINA,GREY,3
KARINA,SPICE,1
KATE,BLACK,8
KATE,SPICE,1
KATE,GREY,5
KATE,CRACKED,1
KATE,DARK BROWN,2
KATE,CHOCOLATE,2
KAYLA,CRACKED,1
KAZ,BLACK,1
LANKA,WOVEN BLACK,1
LEILA,CRACKED,5
LEILA,DARK BROWN,1
LIAM,BLACK,4
LIAM,NUDE,1
LIAM,GREEN,1
LIAM,GREY,1
LOLA,GREY,1
LOLA,CHOCO,1
LOLA,CRACKED,1
LOLA,RED,1
LOLA,SPICE,1
LOLA,DARK BROWN,1
LOOP BP,GREY,3
LUNA,GREEN,2
LUNA,BROWN,1
LUNA,NUDE,1
LUNA,GREY,5
LUNCHSET,BLACK,2
LUNCHSET,NUDE,1
LUNCHSET,GREEN,2
LUNCHSET,GREY,1
MAN BAG,BLACK,13
MAN BAG,BROWN,5
MAN BAG,NUDE,2
MAN BAG,GREY,10
MAN BAG,GREEN,2
MANDY HANDBAG,CRACKED,1
MARLEY,BEIGE,1
MEGA BAGPACK,BLACK,3
MEGA BAGPACK,BROWN,14
MEGA BAGPACK,GREEN,1
MINI MANBAG,GREY,1
MINI MANBAG,RED,1
MINI MAYA,WOOVEN BLACK,14
MINI MAYA,WOOVEN PURPLE,1
MINI MAYA,WOOVEN MAROON,8
MINI SCHOOL,GREY,5
MINI SCHOOL,GREEN,1
MINI UMBRA,BLACK,13
MINI UMBRA,GREY,3
MINI UMBRA,SPICE,1
MINI ZURI,SPICE,4
MINI ZURI,CRACKED,1
MINI ZURI,CHOCOLATE,1
MONAH BP,BLACK,7
MONAH BP,MAROON,1
MOON BAGS,SPICE,1
MOON BAGS,GREY,1
MOON BAGS,CRACKED,5
MOON BAGS,BLACK,10
MOON BAGS,RED,1
MOON BAGS,CHOCOLATE BROWN,1
MOON BAGS,DARK BROWN,2
NEO MAN,BLACK,1
NEO MAN,GREY,2
NEO MAN,BROWN,3
NEO MAN,GREEN,2
NIZANA,BLACK,2
NIZANA,CRACKED,7
NIZANA,SPICE,1
NIZANA,DARK BROWN,2
OVAL HANDBAG,GREY,1
OVAL HANDBAG,GREEN,1
OVAL HANDBAG,BLACK,1
PIONEER,BLACK,3
PIONEER,GREY,1
POCKET TRAVEL,BLACK,1
POCKET TRAVEL,GREEN,1
POCKET TRAVEL,GREY,1
PRIME,BLACK,12
PRIME,BROWN,1
PRIME,GREEN,1
PRIME,GREY,1
REMI,BLACK,4
REMI,GREY,1
REMI,CHOCOLATE,1
REO TRAVEL,BLACK,1
REO TRAVEL,BROWN,1
REO TRAVEL,GREEN,1
SAFIRI TRAVEL,BLACK,2
SAFIRI TRAVEL,GREY,7
SAFIRI TRAVEL,GREEN,2
SARAI,BROWN,1
SCHOOL BAG,BLACK,8
SCHOOL BAG,BROWN,4
SCHOOL BAG,GREY,3
SCOOBY,BLACK,4
SCOOBY,SPICE,1
SCOOBY,CRACKED,1
SKYE,BLACK,7
SKYE,MAROON,6
SPACK,BROWN,4
TRAVEL,GREY,4
TRAVEL,NUDE,3
TRAVEL,BROWN,2
TRAVEL,BLACK,9
TRAVEL,GREEN,1
TRECENTO,GREY,1
TRECENTO,CRACKED,1
TRECENTO,BLACK,1
TRECENTO,DARK BROWN,1
TRIO MIO,SPICE,1
TYLER,BROWN,1
TYLER,GREY,1
WASHBAG,NUDE,1
ZANE MAN,BLACK,6
ZANE MAN,BEIGE,1
ZANE MAN,GREY,1
ZANE MAN,CHOCOLATE,5
ZENO,CRACKED/BLACK,1
ZIPPED LUNCHSET,GREY,1
ZIPPED LUNCHSET,BROWN,2
ZIPPED LUNCHSET,BLACK,4
ZIPPED LUNCHSET,GREEN,1
ZOEZI,GREEN,1
ZURI,BLACK,1
ZURI,SPICE,2
ZURI,GREY,2
